"","Anio","Mes","GasolinaSuper","GasolinaRegular","TotalGasolinas","Diesel","DieselLS","DieselULS","TotalDiesel","GLP","GasolinaAviacion","Kerosina","TurboJet","Bunker","Asfalto","PetCoke","AceitesLubricantes","GrasasLubricantes","Solventes","Naftas","Ceras","Butano","PetroleoReconstit","MTBE","Orimulsion","MezclasOleosas","PetroleoCrudo","TotalMensual"
"3",2001,1,373963.96,177776.5,551740.46,566101.99,NA,NA,566101.99,194065.74,820,33834.03,NA,214581.84,27748.99,NA,NA,NA,NA,NA,NA,NA,715344,8402,NA,NA,NA,2312639.05
"4",2001,2,243091.07,123115.99,366207.06,489525.8,NA,NA,489525.8,170703.38,3054,67439.95,NA,294609,7503.57,NA,NA,NA,NA,NA,NA,NA,370166,NA,NA,NA,NA,1769208.76
"5",2001,3,312084.38,161726.42,473810.8,575559.68,NA,NA,575559.68,161837.37,677,31787.29,NA,315263.8,26304.32,NA,NA,NA,NA,NA,NA,NA,360530,NA,NA,NA,NA,1945770.26
"6",2001,4,285054.89,127338.74,412393.63,437745.42,NA,NA,437745.42,163048.64,3399,25801.18,NA,205653,7885.89,NA,NA,NA,NA,NA,NA,NA,359527,8184,NA,NA,NA,1623637.76
"7",2001,5,300913.67,168730.19,469643.86,552609.13,NA,NA,552609.13,171518.86,585,45529.33,NA,278371.3,8443.16,NA,NA,NA,NA,NA,NA,NA,723346,12680,NA,NA,NA,2262726.64
"8",2001,6,333217.19,152899.09,486116.28,497855.26,NA,NA,497855.26,190004.42,492,64444.95,NA,218765.6,6229.04,NA,NA,NA,NA,NA,NA,NA,360369,NA,NA,NA,NA,1824276.55
"9",2001,7,195071.86,136299.13,331370.99,302350.02,NA,NA,302350.02,206022.83,655,23654.1,NA,156109,3103.99,NA,NA,NA,NA,NA,NA,NA,360570,10642,NA,NA,NA,1394477.93
"10",2001,8,268153.26,139365.07,407518.33,464159.13,NA,NA,464159.13,100561.47,607,49890.61,NA,189692.6,27821.06,NA,NA,NA,NA,NA,NA,NA,719303,13357,NA,NA,NA,1972910.2
"11",2001,9,308439.07,233643.75,542082.82,321952.94,NA,NA,321952.94,186839.02,3868,41519.91,NA,385142.3,2324.85,NA,NA,NA,NA,NA,NA,NA,360635,NA,NA,NA,NA,1844364.84
"12",2001,10,305102.28,141550.22,446652.5,438989.55,NA,NA,438989.55,163864.2,650,32657.33,NA,214138,1484.4,NA,NA,NA,NA,NA,NA,NA,717717,19431,NA,NA,NA,2035583.98
"13",2001,11,256638.19,165841.46,422479.65,440245.35,NA,NA,440245.35,194722.5,2988,23876.81,NA,142282.26,895.44,NA,NA,NA,NA,NA,NA,NA,356364,NA,NA,NA,NA,1583854.01
"14",2001,12,277145.05,149217.67,426362.72,479983.27,NA,NA,479983.27,194329.02,350,22948.95,NA,307427.2,321.3,NA,NA,NA,NA,NA,NA,NA,366828,14822,NA,NA,NA,1813372.46
"15",2002,1,271479,178585.93,450064.93,500041.32,NA,NA,500041.32,168422.62,NA,25109.5,NA,332302.3,1978.12,NA,NA,NA,NA,NA,NA,NA,724812,11481,NA,NA,NA,2214211.79
"16",2002,2,365657.75,144447.25,510105,686923.83,NA,NA,686923.83,200141.36,3499,41050.42,NA,285980,114,NA,NA,NA,NA,NA,NA,NA,368318,NA,NA,NA,NA,2096131.61
"17",2002,3,246292.6,104673.64,350966.24,432538.46,NA,NA,432538.46,193422.6,485,19066.89,NA,175483.3,2147.65,NA,NA,NA,NA,NA,NA,NA,730957,12350,NA,NA,NA,1917417.14
"18",2002,4,310256.3,190339,500595.3,424667.36,NA,NA,424667.36,218257.51,441,33748.8,NA,358010.7,25060,NA,NA,NA,NA,NA,NA,NA,365663,NA,NA,NA,NA,1926443.67
"19",2002,5,363311.76,194830.1,558141.86,497781.66,NA,NA,497781.66,159299.42,534,33775.3,NA,307343.57,1170.05,NA,NA,NA,NA,NA,NA,NA,369420,13280,NA,NA,NA,1940745.86
"20",2002,6,250123.19,137050.8,387173.99,496826.62,NA,NA,496826.62,210874.61,3138,6005.88,NA,412133.78,3120.87,NA,NA,NA,NA,NA,NA,NA,726775,17839,NA,NA,NA,2263887.75
"21",2002,7,428842.8,222408,651250.8,636727.84,NA,NA,636727.84,199708.55,488,18227.39,NA,242340.18,584.36,NA,NA,NA,NA,NA,NA,NA,365679,NA,NA,NA,NA,2115006.12
"22",2002,8,298280.33,143795,442075.33,346225,NA,NA,346225,192213.74,3477,24692.87,NA,346153.7,1268.58,NA,NA,NA,NA,NA,NA,NA,364878,NA,NA,NA,NA,1720984.22
"23",2002,9,331053.7,156956.9,488010.6,638933.22,NA,NA,638933.22,190686.73,466,37242.2,NA,300348.73,5463.83,NA,NA,NA,NA,NA,NA,NA,NA,NA,NA,NA,NA,1661151.31
"24",2002,10,352055.5,195426.8,547482.3,703749.81,NA,NA,703749.81,210871.19,2400,63543.82,NA,343702,2158.97,NA,NA,NA,NA,NA,NA,NA,NA,NA,NA,NA,NA,1873908.09
"25",2002,11,291188.76,153185.7,444374.46,573289.5,NA,NA,573289.5,227595.86,582,33324.44,NA,508787,1707.57,NA,NA,NA,NA,NA,NA,NA,NA,NA,NA,NA,NA,1789660.83
"26",2002,12,440677.81,167596.71,608274.52,678749.64,NA,NA,678749.64,192272.02,3379,47548.06,NA,561334.63,1462.84,NA,NA,NA,NA,NA,NA,NA,NA,NA,NA,NA,NA,2093020.71
"27",2003,1,425185.5,228269.5,653455,797344.38,NA,NA,797344.38,237532.26,720,48243.38,NA,433367.1,2225.46,NA,NA,NA,NA,NA,NA,NA,NA,NA,NA,NA,NA,2172887.58
"28",2003,2,443849.85,214490.7,658340.55,765912.66,NA,NA,765912.66,169819,254,74118.22,NA,333362.76,2497.86,NA,NA,NA,NA,NA,NA,NA,NA,NA,NA,NA,NA,2004305.05
"29",2003,3,363352.66,161257.48,524610.14,693942.31,NA,NA,693942.31,221030.86,1203,20757.68,NA,555012.3,5342.26,NA,NA,NA,NA,NA,NA,NA,NA,NA,NA,NA,NA,2021898.55
"30",2003,4,335444.69,189824.89,525269.58,873103.1,NA,NA,873103.1,192170.14,3520,71377.38,NA,470787.51,5453.73,NA,NA,NA,NA,NA,NA,NA,NA,NA,NA,NA,NA,2141681.44
"31",2003,5,459025.69,269981.86,729007.55,625190.08,NA,NA,625190.08,185016.67,NA,43468.04,NA,512728.76,10331.91,NA,NA,NA,NA,NA,NA,NA,NA,NA,NA,NA,NA,2105743.01
"32",2003,6,372486.53,182254.23,554740.76,671882.83,NA,NA,671882.83,231805.03,3137,75168.64,NA,334426.35,3188.55,NA,NA,NA,NA,NA,NA,NA,NA,NA,NA,NA,NA,1874349.16
"33",2003,7,400922.97,133668.2,534591.17,822014.55,NA,NA,822014.55,216504.93,906,29429.84,NA,475755.86,5942.79,NA,NA,NA,NA,NA,NA,NA,NA,NA,NA,NA,NA,2085145.14
"34",2003,8,292365.04,169903.86,462268.9,494087.13,NA,NA,494087.13,209952.38,48,55600.7,NA,518231.66,7034.51,NA,NA,NA,NA,NA,NA,NA,NA,NA,NA,NA,NA,1747223.28
"35",2003,9,398192.16,177217.53,575409.69,614913.68,NA,NA,614913.68,231499.19,NA,66626.7,NA,360969.08,5189.42,NA,NA,NA,NA,NA,NA,NA,NA,NA,NA,NA,NA,1854607.76
"36",2003,10,260219.92,181668.03,441887.95,433084.99,NA,NA,433084.99,216302.81,2719,61154.5,NA,536918.24,7645.76,NA,NA,NA,NA,NA,NA,NA,NA,NA,NA,NA,NA,1699713.25
"37",2003,11,393951.96,205624.08,599576.04,627189.78,NA,NA,627189.78,232526.98,NA,50841.7,NA,717557.85,6163.71,NA,NA,NA,NA,NA,NA,NA,NA,NA,NA,NA,NA,2233856.06
"38",2003,12,296780.15,161477.73,458257.88,745524.88,NA,NA,745524.88,214489.86,2649,67894.9,NA,286775.5,8962.13,NA,NA,NA,NA,NA,NA,NA,NA,NA,NA,NA,NA,1784554.15
"39",2004,1,368235.14,173427.23,541662.37,762385.45,NA,NA,762385.45,251271.55,NA,59343.1,NA,475730.96,8309.85,155510.03,NA,NA,NA,NA,NA,NA,NA,NA,NA,NA,NA,2254213.3
"40",2004,2,281891.97,147939.23,429831.2,460947.5,NA,NA,460947.5,197730.29,NA,49226.2,NA,348162.02,10379.19,NA,NA,NA,NA,NA,NA,NA,NA,NA,249982.7,NA,NA,1746259.1
"41",2004,3,486880.82,275539.38,762420.2,772128.26,NA,NA,772128.26,253366.12,2300,47021.8,NA,474292.6,12318.35,144859,NA,NA,NA,NA,NA,NA,NA,NA,NA,NA,NA,2468706.33
"42",2004,4,415426,245156.34,660582.34,809194.95,NA,NA,809194.95,206671.88,2920,58717.9,NA,415311.51,14014.84,NA,NA,NA,NA,NA,NA,NA,NA,NA,311711.21,NA,NA,2479124.63
"43",2004,5,350052.95,178387.8,528440.75,634209.64,NA,NA,634209.64,202368.21,NA,71209.2,NA,238958.31,13384.38,137087.5,NA,NA,NA,NA,NA,NA,NA,NA,NA,NA,NA,1825657.99
"44",2004,6,311238.01,133341,444579.01,461381.79,NA,NA,461381.79,231850.33,NA,90154.8,NA,533789.63,15485.81,NA,NA,NA,NA,NA,NA,NA,NA,NA,311270.32,NA,NA,2088511.69
"45",2004,7,249710.69,152075.75,401786.44,467154.31,NA,NA,467154.31,220449.26,257,13662,NA,108059,14504.73,155914,NA,NA,NA,NA,NA,NA,NA,NA,NA,NA,NA,1381786.74
"46",2004,8,434578.12,208592.85,643170.97,669462.53,NA,NA,669462.53,215881.07,3375,79589.7,NA,315109,13756.04,NA,NA,NA,NA,NA,NA,NA,NA,NA,315915.92,NA,NA,2256260.23
"47",2004,9,420550.29,218499.24,639049.53,714039.85,NA,NA,714039.85,252058.26,NA,69168.5,NA,434142.76,14546.91,146223,NA,NA,NA,NA,NA,NA,NA,NA,NA,NA,NA,2269228.81
"48",2004,10,366886.3,201907.67,568793.97,655715.05,NA,NA,655715.05,208715.48,697,82916.5,NA,411472.34,11315.28,NA,NA,NA,NA,NA,NA,NA,NA,NA,313440.96,NA,NA,2253066.58
"49",2004,11,434710.94,215838.32,650549.26,726697.88,NA,NA,726697.88,195645.45,1647,49233,NA,293179.62,2029.03,152894.5,NA,NA,NA,NA,NA,NA,NA,NA,318754,NA,NA,2390629.74
"50",2004,12,433149.96,227094.71,660244.67,781266.61,NA,NA,781266.61,278688.52,1396,59035.3,NA,243611.33,2090.04,NA,NA,NA,NA,NA,NA,NA,NA,NA,NA,NA,NA,2026332.47
"51",2005,1,257867.99,202374.33,460242.32,663058.79,NA,NA,663058.79,226452.5,3105,33986,NA,318657.9,10798.98,141267.5,NA,NA,NA,NA,NA,NA,NA,NA,338810.04,NA,NA,2196379.03
"52",2005,2,306660.39,178104.72,484765.11,683664.39,NA,NA,683664.39,179212.81,NA,62584.2,NA,303067.68,13495.3,NA,NA,NA,NA,NA,NA,NA,NA,NA,NA,NA,NA,1726789.49
"53",2005,3,431907.81,217667.69,649575.5,778645.07,NA,NA,778645.07,271163.05,3100,70706,NA,436935.02,17405.13,147361.5,NA,NA,NA,NA,NA,NA,NA,NA,NA,NA,NA,2374891.27
"54",2005,4,534151.81,234492.03,768643.84,708164.74,NA,NA,708164.74,187599.95,NA,48655.1,NA,339926.16,13520.46,137890.5,NA,NA,NA,NA,NA,NA,NA,NA,316798,NA,NA,2521198.75
"55",2005,5,378616.3,192734.4,571350.7,875087.62,NA,NA,875087.62,243625.26,3365,61188.2,NA,572328.31,16284.91,134700.5,NA,NA,NA,NA,NA,NA,NA,NA,344685,NA,NA,2822615.5
"56",2005,6,537398.43,243343.68,780742.11,1041016.72,NA,NA,1041016.72,256001.38,609,35505.9,NA,471302.18,16063.2,NA,NA,NA,NA,NA,NA,NA,NA,NA,NA,NA,NA,2601240.49
"57",2005,7,363410.9,175946.3,539357.2,770731.74,NA,NA,770731.74,351089.64,673,57335.2,NA,447607.75,10382.08,147994,NA,NA,NA,NA,NA,NA,NA,NA,312030,NA,NA,2637200.61
"58",2005,8,566618.55,173810.38,740428.93,815435.2,NA,NA,815435.2,115098.57,NA,24343,NA,201638.98,13408.17,NA,NA,NA,NA,NA,NA,NA,NA,NA,NA,NA,NA,1910352.85
"59",2005,9,193484.5,81015.3,274499.8,229764.74,NA,NA,229764.74,461957.15,177,65426.3,NA,184318.28,19894.97,147735.5,NA,NA,NA,NA,NA,NA,NA,NA,329946,NA,NA,1713719.74
"60",2005,10,528877.09,145325.65,674202.74,671848.94,NA,NA,671848.94,456714.29,2884,64975.7,NA,280596.41,4807.49,NA,NA,NA,NA,NA,NA,NA,NA,NA,NA,NA,NA,2156029.57
"61",2005,11,348687.81,266018.37,614706.18,635553.46,NA,NA,635553.46,127819.83,3076,33635.1,NA,425553.13,10934.29,150007,NA,NA,NA,NA,NA,NA,NA,NA,NA,NA,NA,2001284.99
"62",2005,12,360807,107374,468181,1212610.53,NA,NA,1212610.53,456441.07,357,39994.7,NA,284168.38,6643,147460.5,NA,NA,NA,NA,NA,NA,NA,NA,325083,NA,NA,2940939.18
"310",2006,1,711860.77,348503.85,1060364.62,708730.84,NA,NA,708730.84,461915.81,NA,64569.8,NA,311221.28,4073,NA,NA,NA,NA,NA,NA,NA,NA,NA,312673,NA,NA,2923548.35
"410",2006,2,262170.9,145048.2,407219.1,767710.63,NA,NA,767710.63,139318.22,3577,44797.3,NA,121036.31,6134,NA,NA,NA,NA,NA,NA,NA,NA,NA,NA,NA,NA,1489792.56
"510",2006,3,408065.34,285783.25,693848.59,744721.94,NA,NA,744721.94,385287.41,548,52658.4,NA,429837.61,11054,147746.5,NA,NA,NA,NA,NA,NA,NA,NA,NA,NA,NA,2465702.45
"63",2006,4,421300.82,238824.61,660125.43,935306.58,NA,NA,935306.58,317756.14,3423,36823.5,NA,287959.04,8145,151635,NA,NA,NA,NA,NA,NA,NA,NA,NA,NA,NA,2401173.69
"71",2006,5,312024.7,134212.3,446237,822556.45,NA,NA,822556.45,134526.05,3615,72698.3,NA,764099.76,14644,NA,NA,NA,NA,NA,NA,NA,NA,NA,NA,NA,NA,2258376.56
"81",2006,6,394014.85,211562.74,605577.59,361207.59,NA,NA,361207.59,347549.31,190,35949.4,NA,367297.31,16453,151250,NA,NA,NA,NA,NA,NA,NA,NA,NA,NA,NA,1885474.2
"91",2006,7,375951.16,180942.18,556893.34,971716.72,NA,NA,971716.72,140074.43,452,68151.6,NA,385553.32,9178,150425,NA,NA,NA,NA,NA,NA,NA,NA,NA,NA,NA,2282444.41
"101",2006,8,313326.86,147245.49,460572.35,603747.33,NA,NA,603747.33,434013.19,NA,50939.8,NA,318166.29,7880,NA,NA,NA,NA,NA,NA,NA,NA,NA,NA,NA,NA,1875318.96
"111",2006,9,525623.15,366193.77,891816.92,473431.31,NA,NA,473431.31,457683.24,452,50012.6,NA,461459.78,4588,150349.65,NA,NA,NA,NA,NA,NA,NA,NA,NA,NA,NA,2489793.5
"121",2006,10,285505,153997.35,439502.35,1220719.64,NA,NA,1220719.64,130938.67,4808,47546,NA,446660.88,6380,145937.83,NA,NA,NA,NA,NA,NA,NA,NA,NA,NA,NA,2442493.36
"131",2006,11,428590.5,171327.01,599917.51,431874.86,NA,NA,431874.86,492063.43,381,31977.4,NA,321841.37,10985,149110.67,NA,NA,NA,NA,NA,NA,NA,NA,NA,NA,NA,2038151.23
"141",2006,12,395132.09,234319.3,629451.39,890336.68,NA,NA,890336.68,112912.81,1717,53294.1,NA,612637.14,5775,148978.28,NA,NA,NA,NA,NA,NA,NA,NA,NA,NA,NA,2455102.4
"151",2007,1,523730.31,289550.59,813280.9,818060.57,NA,NA,818060.57,308348.52,381,65308.3,NA,419881.17,11252,NA,NA,NA,NA,NA,NA,NA,NA,NA,NA,NA,NA,2436512.46
"161",2007,2,401855.41,299077.04,700932.45,822325.65,NA,NA,822325.65,295082.83,3553,57695.4,NA,442208.81,10997,165044,NA,NA,NA,NA,NA,NA,NA,NA,NA,NA,NA,2497839.14
"171",2007,3,541817.85,326317.75,868135.6,569451.85,NA,NA,569451.85,399387.22,571,51860.1,NA,676389.41,10292,NA,NA,NA,NA,NA,NA,NA,NA,NA,NA,NA,NA,2576087.18
"181",2007,4,203441.33,94844.9,298286.23,850138.11,NA,NA,850138.11,391790.79,2541,83496.7,NA,576702.01,11437,166886.5,NA,NA,NA,NA,NA,NA,NA,NA,NA,NA,NA,2381278.34
"191",2007,5,545587.63,238404.83,783992.46,793887.04,NA,NA,793887.04,132106.6,381,23476,NA,390428.07,10752,149550.5,NA,NA,NA,NA,NA,NA,NA,NA,NA,NA,NA,2284573.67
"201",2007,6,441537.39,170064.98,611602.37,855757.14,NA,NA,855757.14,553252.05,NA,82309.9,NA,635979.48,6891,148676,NA,NA,NA,NA,NA,NA,NA,NA,NA,NA,NA,2894467.94
"211",2007,7,451180.82,227660.47,678841.29,1118432.25,NA,NA,1118432.25,153167.79,3220,47604.1,NA,746956.76,12327,152834,NA,NA,NA,NA,NA,NA,NA,NA,NA,NA,NA,2913383.19
"221",2007,8,501840.27,351306.27,853146.54,824047.47,NA,NA,824047.47,309647.07,476,82558.6,NA,741692.2,9273,NA,NA,NA,NA,NA,NA,NA,NA,NA,NA,NA,NA,2820840.88
"231",2007,9,336120.81,181015.83,517136.64,497008.84,NA,NA,497008.84,183484.88,2784,68630.1,NA,425995.94,11535.7,167480.5,NA,NA,NA,NA,NA,NA,NA,NA,NA,NA,NA,1874056.6
"241",2007,10,376377.75,312120.18,688497.93,885924.86,NA,NA,885924.86,486194.88,190,77376.5,NA,422763.8,9690.1,NA,NA,NA,NA,NA,NA,NA,NA,NA,NA,NA,NA,2570638.07
"251",2007,11,512550.51,289282.55,801833.06,665114.83,NA,NA,665114.83,148627.36,2229,53092.1,NA,92054.55,10134.1,NA,NA,NA,NA,NA,NA,NA,NA,NA,NA,NA,NA,1773085
"261",2007,12,542916.97,222108.35,765025.32,812776.59,NA,NA,812776.59,371098.4,95,58973.5,NA,585035.81,9846,311674,NA,NA,NA,NA,NA,NA,NA,NA,NA,NA,NA,2914524.62
"271",2008,1,204788.3,107885.65,312673.95,613819.33,NA,NA,613819.33,522670.52,2726.2,55618.1,NA,357826,7227,NA,NA,NA,NA,NA,NA,NA,NA,NA,NA,NA,NA,1872561.1
"281",2008,2,545139.83,234830.1,779969.93,500922.23,NA,NA,500922.23,126941.22,2442.5,63895.1,NA,596066.54,3575,NA,NA,NA,NA,NA,NA,NA,NA,NA,NA,NA,NA,2073812.52
"291",2008,3,405713.48,241800.33,647513.81,1095743.35,NA,NA,1095743.35,321294.76,95.2,73114.4,NA,280414.7,10375.2,146640.07,NA,NA,NA,NA,NA,NA,NA,NA,NA,NA,NA,2575191.49
"301",2008,4,570256.98,271554.27,841811.25,682042.07,NA,NA,682042.07,296531.95,285.7,61215,NA,644339.91,11902.8,149627.39,NA,NA,NA,NA,NA,NA,NA,NA,NA,NA,NA,2687756.07
"311",2008,5,424954.88,242628.16,667583.04,710464.76,NA,NA,710464.76,506589.79,3093.2,64572.9,NA,848575.95,17890,150762.1,NA,NA,NA,NA,NA,NA,NA,NA,NA,NA,NA,2969531.73
"321",2008,6,273398.73,177838.7,451237.43,817804.84,NA,NA,817804.84,135630.48,190.5,73918.8,NA,257332.45,8087,NA,NA,NA,NA,NA,NA,NA,NA,NA,NA,NA,NA,1744201.5
"331",2008,7,384549.7,232129.2,616678.9,541486.15,NA,NA,541486.15,365117.62,190.5,50621,NA,549352.9,9947,150155.5,NA,NA,NA,NA,NA,NA,NA,NA,NA,NA,NA,2283549.57
"341",2008,8,241881.47,138376.72,380258.19,713650.52,NA,NA,713650.52,124909.19,171.4,61346.3,NA,512005.35,4575.2,148500,NA,NA,NA,NA,NA,NA,NA,NA,NA,NA,NA,1945416.15
"351",2008,9,423244.17,290621.26,713865.43,544521.54,NA,NA,544521.54,290330.74,1178.6,31940.5,NA,265932.42,2631,149060.89,NA,NA,NA,NA,NA,NA,NA,NA,NA,NA,NA,1999461.12
"361",2008,10,329762.3,358036.44,687798.74,344273.02,NA,NA,344273.02,515833.1,3273.7,81679,NA,193916.4,7436.1,NA,NA,NA,NA,NA,NA,NA,NA,NA,NA,NA,NA,1834210.06
"371",2008,11,386365.05,170365.32,556730.37,809439.42,NA,NA,809439.42,304780.71,190.5,40478.6,NA,467765.33,4910.9,NA,NA,NA,NA,NA,NA,NA,NA,NA,NA,NA,NA,2184295.83
"381",2008,12,458949.42,238398.92,697348.34,524038.42,NA,NA,524038.42,265854.17,3380,32909.5,NA,321373.52,1132,NA,NA,NA,NA,NA,NA,NA,NA,NA,NA,NA,NA,1846035.95
"391",2009,1,382300.56,202484.53,584785.09,941535.71,NA,NA,941535.71,440807.21,285.7,51282.7,NA,462619.82,4814,165846.18,NA,NA,NA,NA,NA,NA,NA,NA,NA,NA,NA,2651976.41
"401",2009,2,522820.81,588346.36,1111167.17,914059.4,NA,NA,914059.4,308898.19,187.7,60857.2,NA,316669.93,6513,NA,NA,NA,NA,NA,NA,NA,NA,NA,NA,NA,NA,2718352.59
"411",2009,3,626630.99,298459.25,925090.24,893473.8,NA,NA,893473.8,116357.43,2925,56965.6,NA,249980.94,5116,NA,NA,NA,NA,NA,NA,NA,NA,NA,NA,NA,NA,2249909.01
"421",2009,4,348267.66,182218.96,530486.62,816840.02,NA,NA,816840.02,382796.62,93.7,52516.3,NA,375412.12,4374,NA,NA,NA,NA,NA,NA,NA,NA,NA,NA,NA,NA,2162519.38
"431",2009,5,341700.48,377337.48,719037.96,621339.93,NA,NA,621339.93,108032.64,256.4,20718.6,NA,1051763.66,8390,165000,NA,NA,NA,NA,NA,NA,NA,NA,NA,NA,NA,2694539.19
"441",2009,6,589337.79,363676.29,953014.08,735260.51,NA,NA,735260.51,439954.52,273.8,63788,NA,598780.49,2002,NA,NA,NA,NA,NA,NA,NA,NA,NA,NA,NA,NA,2793073.4
"451",2009,7,337172.65,363911.51,701084.16,850806.89,NA,NA,850806.89,451892.83,723.6,40926.6,NA,427219.03,6156,NA,NA,NA,NA,NA,NA,NA,NA,NA,NA,NA,NA,2478809.11
"461",2009,8,476525.36,210495.68,687021.04,842742.17,NA,NA,842742.17,151179.48,3389.7,68002.4,NA,454739.68,7442,NA,NA,NA,NA,NA,NA,NA,NA,NA,NA,NA,NA,2214516.47
"471",2009,9,321728.95,161783.68,483512.63,611966.22,NA,NA,611966.22,265512.4,186.3,48160.7,NA,417863.18,6757,165190.91,NA,NA,NA,NA,NA,NA,NA,NA,NA,NA,NA,1999149.34
"481",2009,10,639524.61,375067.23,1014591.84,869366.31,NA,NA,869366.31,294299.57,187,53069.8,NA,547485.85,7998,NA,NA,NA,NA,NA,NA,NA,NA,NA,NA,NA,NA,2786998.37
"491",2009,11,321859.44,201213.1,523072.54,894309.88,NA,NA,894309.88,543498.52,4171.9,42081.9,NA,762745.04,6446,148528.88,NA,NA,NA,NA,NA,NA,NA,NA,NA,NA,NA,2924854.66
"501",2009,12,435416.18,291525.48,726941.66,1144960.66,NA,NA,1144960.66,121256.64,NA,31007.8,NA,444330.26,5081,144490.01,NA,NA,NA,NA,NA,NA,NA,NA,NA,NA,NA,2618068.03
"511",2010,1,318949.72,173918.35,492868.07,905803.65,NA,NA,905803.65,437042.33,NA,69541.7,NA,407232.9,7549,NA,NA,NA,NA,NA,NA,NA,NA,NA,NA,NA,NA,2320037.65
"521",2010,2,492452.55,336005.72,828458.27,447271.92,NA,NA,447271.92,410846.4,3584,62958.8,NA,393505.01,10200,NA,NA,NA,NA,NA,NA,NA,NA,NA,NA,NA,NA,2156824.4
"531",2010,3,303762.94,157798.77,461561.71,947702.88,NA,NA,947702.88,148495.38,NA,33008.7,NA,380305.39,11286.1,149642.96,NA,NA,NA,NA,NA,NA,NA,NA,NA,NA,NA,2132003.12
"541",2010,4,562996.07,433108.23,996104.3,613011.21,NA,NA,613011.21,410001.1,NA,42911.9,NA,593178.8,12568.7,165852.23,NA,NA,NA,NA,NA,NA,NA,NA,NA,NA,NA,2833628.23
"551",2010,5,429729.38,279926.95,709656.33,1086036.16,NA,NA,1086036.16,230584.6,3139,59512.7,NA,349801.7,6994.1,164467.77,NA,NA,NA,NA,NA,NA,NA,NA,NA,NA,NA,2610192.35
"561",2010,6,464310.8,281834.46,746145.26,587828.26,NA,NA,587828.26,344683.1,NA,58930.1,NA,117297.2,2940,NA,NA,NA,NA,NA,NA,NA,NA,NA,NA,NA,NA,1857823.92
"571",2010,7,456588.39,241994.24,698582.63,712889.93,NA,NA,712889.93,461977.95,3178,40989.8,NA,411546.82,4133,145426.27,NA,NA,NA,NA,NA,NA,NA,NA,NA,NA,NA,2478724.4
"581",2010,8,475714.12,282509.24,758223.36,637252.29,NA,NA,637252.29,236164.31,NA,65212,NA,212442.7,2082,NA,NA,NA,NA,NA,NA,NA,NA,NA,NA,NA,NA,1911376.66
"591",2010,9,321134.56,208796.02,529930.58,741721.42,NA,NA,741721.42,144381.79,NA,15663.5,NA,135187,4161,NA,NA,NA,NA,NA,NA,NA,NA,NA,NA,NA,NA,1571045.29
"601",2010,10,493794.29,392100.62,885894.91,630692.56,NA,NA,630692.56,328472.6,3161,43634.6,NA,301559.2,5352,NA,NA,NA,NA,NA,NA,NA,NA,NA,NA,NA,NA,2198766.87
"611",2010,11,241062.76,139547.73,380610.49,565627.54,NA,NA,565627.54,540671.88,NA,56430,NA,331749.27,7402,NA,NA,NA,NA,NA,NA,NA,NA,NA,NA,NA,NA,1882491.18
"621",2010,12,652210.77,430857.95,1083068.72,1135293.92,NA,NA,1135293.92,286501.74,2308,44591.6,NA,162229.5,4246.5,NA,NA,NA,NA,NA,NA,NA,NA,NA,NA,NA,NA,2718239.98
"312",2011,1,391997.54,253700.82,645698.36,1033948.69,NA,NA,1033948.69,511518.14,NA,69631.1,NA,263229.32,5497.36,166651.76,NA,NA,NA,NA,NA,NA,NA,NA,NA,NA,NA,2696174.73
"412",2011,2,437769.48,343582.85,781352.33,772775.58,NA,NA,772775.58,313877.17,2351,43055.9,NA,423634.9,7033,164990.32,NA,NA,NA,NA,NA,NA,NA,NA,NA,NA,NA,2509070.2
"512",2011,3,445920.27,291087.16,737007.43,707536.31,NA,NA,707536.31,297190.31,NA,33888.8,NA,138202.1,10007.9,NA,NA,NA,NA,NA,NA,NA,NA,NA,NA,NA,NA,1923832.85
"64",2011,4,357349.67,326003.71,683353.38,767445.36,NA,NA,767445.36,426380.21,NA,46347,NA,652855.72,5721.79,209682.55,NA,NA,NA,NA,NA,NA,NA,NA,NA,NA,NA,2791786.01
"72",2011,5,433038.13,326566.61,759604.74,918940.44,NA,NA,918940.44,238374.12,2150,51018.2,NA,423250.92,4086,NA,NA,NA,NA,NA,NA,NA,NA,NA,NA,NA,NA,2397424.42
"82",2011,6,354604.94,230990.13,585595.07,553883.42,NA,NA,553883.42,345196.29,3341,24115.3,NA,665240.82,6274.88,148503.36,NA,NA,NA,NA,NA,NA,NA,NA,NA,NA,NA,2332150.13
"92",2011,7,369694.76,188581.4,558276.16,734958.54,NA,NA,734958.54,148988.5,NA,44399.6,NA,394362.55,11323.38,328990.04,NA,NA,NA,NA,NA,NA,NA,NA,NA,NA,NA,2221298.77
"102",2011,8,270765.31,201844.49,472609.8,1014324.28,NA,NA,1014324.28,565627.93,2176,61586.21,NA,259425.58,9067.45,NA,NA,NA,NA,NA,NA,NA,NA,NA,NA,NA,NA,2384817.25
"112",2011,9,335803.82,260669.22,596473.04,795554.71,NA,NA,795554.71,382310.38,NA,60244.42,NA,335474.56,9462.4,166170.51,NA,NA,NA,NA,NA,NA,NA,NA,NA,NA,NA,2345690.03
"122",2011,10,351555.66,239711.91,591267.57,612133.26,NA,NA,612133.26,319091.05,1669,55766.77,NA,175576.95,8582.21,NA,NA,NA,NA,NA,NA,NA,NA,NA,NA,NA,NA,1764086.81
"132",2011,11,450212.8,237803.48,688016.28,575406.48,NA,NA,575406.48,384368.36,NA,45729.26,NA,203510.32,11408.52,NA,NA,NA,NA,NA,NA,NA,NA,NA,NA,NA,NA,1908439.22
"142",2011,12,534925.36,367820.54,902745.9,732921.03,NA,NA,732921.03,141052.55,2114,53946.68,NA,244547.16,11628.07,NA,NA,NA,NA,NA,NA,NA,NA,NA,NA,NA,NA,2088955.39
"152",2012,1,434648.17,318283.44,752931.61,790123.23,NA,NA,790123.23,481781.48,NA,27960.8,NA,192178.43,13869.74,332101.5,NA,NA,NA,NA,NA,NA,NA,NA,NA,NA,NA,2590946.78
"162",2012,2,372893.49,253583.96,626477.45,887963.98,NA,NA,887963.98,162561.29,2220,75397.69,NA,56299,5723.19,167575.16,NA,NA,NA,NA,NA,NA,NA,NA,NA,NA,NA,1984217.75
"172",2012,3,354160.85,255492.16,609653.01,978693.29,NA,NA,978693.29,521493.74,NA,40494.61,NA,486502.56,16175.69,NA,NA,NA,NA,NA,NA,NA,NA,NA,NA,NA,NA,2653012.9
"182",2012,4,399701.69,189948.79,589650.48,697871.28,NA,NA,697871.28,131958.4,2646,21732.04,NA,424997.52,8865.02,NA,NA,NA,NA,NA,NA,NA,NA,NA,NA,NA,NA,1877720.75
"192",2012,5,380531.85,241786.29,622318.14,833370.09,NA,NA,833370.09,510506.81,1551,70939.56,NA,427414.42,12714.5,169754.09,NA,NA,NA,NA,NA,NA,NA,NA,NA,NA,NA,2648568.61
"202",2012,6,550379.33,320566.69,870946.02,767124.65,NA,NA,767124.65,527672.26,1870,47391.7,NA,490228.51,5405.19,NA,NA,NA,NA,NA,NA,NA,NA,NA,NA,NA,NA,2710638.33
"212",2012,7,271509.2,142232.47,413741.67,1021995.9,NA,NA,1021995.9,165424.21,NA,70228.77,NA,293113.09,11297.69,NA,NA,NA,NA,NA,NA,NA,NA,NA,NA,NA,NA,1975801.33
"222",2012,8,361307.2,263677.23,624984.43,626706.23,NA,NA,626706.23,387892.07,NA,65574.8,NA,76969.26,13907.62,148916.3,NA,NA,NA,NA,NA,NA,NA,NA,NA,NA,NA,1944950.71
"232",2012,9,372989.29,201347.56,574336.85,619651.27,NA,NA,619651.27,530897.79,2766,56595.7,NA,323767.51,6813.86,NA,NA,NA,NA,NA,NA,NA,NA,NA,NA,NA,NA,2114828.97
"242",2012,10,600094.03,374301.51,974395.54,463054.77,NA,NA,463054.77,162208.43,NA,33639,NA,378149.37,2242.12,NA,NA,NA,NA,NA,NA,NA,NA,NA,NA,NA,NA,2013689.23
"252",2012,11,359818.54,197398.8,557217.34,538552.89,NA,NA,538552.89,569345.86,2651,37111.56,NA,456468.18,NA,147071.21,NA,NA,NA,NA,NA,NA,NA,NA,NA,NA,NA,2308418.04
"262",2012,12,419029.17,287980.58,707009.75,1324780.96,NA,NA,1324780.96,152926.76,95.2,43950.37,NA,273182.16,NA,149085.15,NA,NA,NA,NA,NA,NA,NA,NA,NA,NA,NA,2651030.35
"272",2013,1,433924.69,396416.84,830341.53,749266.68,NA,NA,749266.68,575318.45,190.48,57437.01,NA,361207.18,NA,150030.49,NA,NA,NA,NA,NA,NA,NA,NA,NA,NA,NA,2723791.82
"282",2013,2,470483.98,235502.58,705986.56,709843.02,NA,NA,709843.02,142772.81,1047.62,55641.8,NA,325080.1,NA,168305.17,NA,NA,NA,NA,NA,NA,NA,NA,NA,NA,NA,2108677.08
"292",2013,3,429974.17,439386.62,869360.79,832627.57,NA,NA,832627.57,569013.24,3183.88,19570.11,NA,231802.56,3879,NA,NA,NA,NA,NA,NA,NA,NA,NA,NA,NA,NA,2529437.15
"302",2013,4,430259.18,274680.65,704939.83,860094.78,NA,NA,860094.78,508649.45,NA,50291.42,NA,337655.21,NA,NA,NA,NA,NA,NA,NA,NA,NA,NA,NA,NA,NA,2461630.69
"313",2013,5,532379.66,281823.2,814202.86,1202187.85,NA,NA,1202187.85,181461.6,797.62,73024.85,NA,331393.56,NA,180944.23,NA,NA,NA,NA,NA,NA,NA,NA,NA,NA,NA,2784012.56
"322",2013,6,284038.03,293808.6,577846.63,729711.88,NA,NA,729711.88,536847.17,1196.47,75416.48,NA,365997.74,34302.05,167235.48,NA,NA,NA,NA,NA,NA,NA,NA,NA,NA,NA,2488553.89
"332",2013,7,486075.06,259025.83,745100.89,693160.5,NA,NA,693160.5,352909.02,795.59,60089.4,NA,113165.55,NA,NA,NA,NA,NA,NA,NA,NA,NA,NA,NA,NA,NA,1965220.95
"342",2013,8,347066.11,221433.2,568499.31,505133.44,NA,NA,505133.44,359346,3677,58972.06,NA,405352.22,NA,146366.33,NA,NA,NA,NA,NA,NA,NA,NA,NA,NA,NA,2047346.36
"352",2013,9,373303.31,300794.99,674098.3,803626.98,NA,NA,803626.98,394985.89,NA,83693.28,NA,172130.08,305,172152.59,NA,NA,NA,NA,NA,NA,NA,NA,NA,NA,NA,2300992.12
"362",2013,10,372946.33,281168.85,654115.18,980327.98,NA,NA,980327.98,415869.34,3626.98,133623.6,NA,171722.79,889,NA,NA,NA,NA,NA,NA,NA,NA,NA,NA,NA,NA,2360174.87
"372",2013,11,496029.72,390941.15,886970.87,903218.47,NA,NA,903218.47,425669.24,797.21,5319.12,NA,202139.43,152,169752.5,NA,NA,NA,NA,NA,NA,NA,NA,NA,NA,NA,2594018.83
"382",2013,12,358799.64,210096.78,568896.42,791698.89,NA,NA,791698.89,452414.08,NA,98883.1,NA,150330.46,152,NA,NA,NA,NA,NA,NA,NA,NA,NA,NA,NA,NA,2062374.95
"392",2014,1,457365.46,487880.79,945246.25,1595698.56,NA,NA,1595698.56,371888.73,1465,109091.19,NA,117010.52,2238,149806.14,NA,NA,NA,NA,NA,NA,NA,NA,NA,NA,NA,3292444.39
"402",2014,2,455726.06,312423.86,768149.92,688703.18,NA,NA,688703.18,336845.19,NA,80162.42,NA,116368.88,6093.8,NA,NA,NA,NA,NA,NA,NA,NA,NA,NA,NA,NA,1996323.39
"413",2014,3,582572.93,472437.63,1055010.56,1147182.5,NA,NA,1147182.5,358755.83,3392.28,46120.4,NA,407270.41,639,330016.67,NA,NA,NA,NA,NA,NA,NA,NA,NA,NA,NA,3348387.65
"422",2014,4,270302.22,207049,477351.22,845051.33,NA,NA,845051.33,466766.95,1570.1,72947.78,NA,332419.3,2349.7,6993.03,NA,NA,NA,NA,NA,NA,NA,NA,NA,NA,NA,2205449.41
"432",2014,5,563319.79,417767.24,981087.03,1008148.07,NA,NA,1008148.07,554784.32,4644.98,175257.51,NA,246105.2,2000.03,327251.71,NA,NA,NA,NA,NA,NA,NA,NA,NA,NA,NA,3299278.85
"442",2014,6,404603.55,247114.99,651718.54,694920.68,NA,NA,694920.68,359135.62,NA,67873.76,NA,286478.99,5469.6,NA,NA,NA,NA,NA,NA,NA,NA,NA,NA,NA,NA,2065597.19
"452",2014,7,558403.41,454196.13,1012599.54,845875.86,NA,NA,845875.86,417570.34,NA,66309.97,NA,167316.42,3399.7,NA,NA,NA,NA,NA,NA,NA,NA,NA,NA,NA,NA,2513071.83
"462",2014,8,398563.48,305285.53,703849.01,760353.37,NA,NA,760353.37,416068.3,356.6,170401.29,NA,477014.48,1736.4,151264.47,NA,NA,NA,NA,NA,NA,NA,NA,NA,NA,NA,2681043.91
"472",2014,9,547486.22,378741.56,926227.78,598145.89,NA,NA,598145.89,408998.93,358.6,13079.9,NA,368203.04,2799.1,NA,NA,NA,NA,NA,NA,NA,NA,NA,NA,NA,NA,2317813.24
"482",2014,10,379572.07,256340.49,635912.56,762763.24,NA,NA,762763.24,314868.89,4466.9,20828.7,NA,230129.08,3367.86,161718.04,NA,NA,NA,NA,NA,NA,NA,NA,NA,NA,NA,2134055.27
"492",2014,11,533524.4,372809.93,906334.33,1033873.16,NA,NA,1033873.16,487343.72,NA,79078.42,NA,243197.44,4294.61,NA,NA,NA,NA,NA,NA,NA,NA,NA,NA,NA,NA,2754121.68
"502",2014,12,583081.57,491072.11,1074153.68,1004032.65,NA,NA,1004032.65,380185.96,27979.07,124619.87,NA,91348.4,48364.5,152365.73,NA,NA,NA,NA,NA,NA,NA,NA,NA,NA,NA,2903049.86
"513",2015,1,471973.3,371420.59,843393.89,1324421.96,NA,NA,1324421.96,523352.31,NA,19111.3,NA,245584.89,142.9,148594.27,NA,NA,NA,NA,NA,NA,NA,NA,NA,NA,NA,3104601.52
"522",2015,2,664315.85,548714.53,1213030.38,955286.02,NA,NA,955286.02,421268.22,NA,170853.82,NA,162224.95,3349.05,NA,NA,NA,NA,NA,NA,NA,NA,NA,NA,NA,NA,2926012.44
"532",2015,3,622883.1,453536.19,1076419.29,1164885.97,NA,NA,1164885.97,497168.6,NA,90955.77,NA,280843.31,8319.11,164423.33,NA,NA,NA,NA,NA,NA,NA,NA,NA,NA,NA,3283015.37
"542",2015,4,599558.55,537064.59,1136623.14,1130870.79,NA,NA,1130870.79,519603.84,NA,108382.5,NA,304405.66,15358.33,NA,NA,NA,NA,NA,NA,NA,NA,NA,NA,NA,NA,3215244.26
"552",2015,5,618319.21,534049.28,1152368.49,954782.75,NA,NA,954782.75,415890.34,NA,58745.67,NA,375606.55,33380.56,163409.4,NA,NA,NA,NA,NA,NA,NA,NA,NA,NA,NA,3154183.76
"562",2015,6,525280.85,394824.33,920105.18,862071.77,NA,NA,862071.77,526358.48,NA,100499.13,NA,336491.48,10275.34,162807.81,NA,NA,NA,NA,NA,NA,NA,NA,NA,NA,NA,2918609.19
"572",2015,7,616269.01,519374.15,1135643.16,1149630.43,NA,NA,1149630.43,411971.43,NA,123496.73,NA,235587.32,2723.8,NA,NA,NA,NA,NA,NA,NA,NA,NA,NA,NA,NA,3059052.87
"582",2015,8,467373.13,328552.07,795925.2,919285.9,NA,NA,919285.9,561563.81,NA,119764.65,NA,348192.53,3047.6,165284.13,NA,NA,NA,NA,NA,NA,NA,NA,NA,NA,NA,2913063.82
"592",2015,9,576250.29,485906.49,1062156.78,754068.77,NA,NA,754068.77,480268.89,NA,147445.06,NA,513707.26,74.88,NA,NA,NA,NA,NA,NA,NA,NA,NA,NA,NA,NA,2957721.64
"602",2015,10,533620.64,432666.75,966287.39,1163425.95,NA,NA,1163425.95,423239.36,11536.58,135724.25,NA,250054.86,571.4,148515.29,NA,NA,NA,NA,NA,NA,NA,NA,NA,NA,NA,3099355.08
"612",2015,11,724273.97,574547.76,1298821.73,904700.42,NA,NA,904700.42,637316.48,NA,184093.93,NA,263741.4,11175.83,NA,NA,NA,NA,NA,NA,NA,NA,NA,NA,NA,NA,3299849.79
"622",2015,12,498798.79,319329.71,818128.5,1113876.28,NA,NA,1113876.28,500684.29,NA,116266.75,NA,208710.54,640.37,148507.37,NA,NA,NA,NA,NA,NA,NA,NA,NA,NA,NA,2906814.1
"314",2016,1,729211.43,546876.54,1276087.97,987507.78,NA,NA,987507.78,748970.64,NA,16000,104377.6,178437.6,27449.2,162512.74,NA,NA,NA,NA,NA,NA,NA,NA,NA,NA,NA,3501343.52
"414",2016,2,405559.45,424074.81,829634.26,1167227.96,NA,NA,1167227.96,287337.74,NA,24900,117800.1,370085.96,NA,NA,NA,NA,NA,NA,NA,NA,NA,NA,NA,NA,NA,2796986.02
"514",2016,3,771024.11,508542.18,1279566.29,1498844.95,NA,NA,1498844.95,504451.07,25081.9,13000,111203.62,264193.1,2716.52,181497.47,NA,NA,NA,NA,NA,NA,NA,NA,NA,NA,NA,3880554.92
"65",2016,4,502728.88,527083.64,1029812.52,1137213.1,NA,NA,1137213.1,587482.69,NA,16000,59681.73,269518.34,4428.6,161331.89,NA,NA,NA,NA,NA,NA,NA,NA,NA,NA,NA,3265468.87
"73",2016,5,615900.31,528347.81,1144248.12,1035544.08,NA,NA,1035544.08,416912.47,NA,19000,97343.58,495459.41,1714.3,NA,NA,NA,NA,NA,NA,NA,NA,NA,NA,NA,NA,3210221.96
"83",2016,6,502082.45,397477.4,899559.85,800222.53,NA,NA,800222.53,703319.23,NA,16000,81862.33,400963.62,2142.9,NA,NA,NA,NA,NA,NA,NA,NA,NA,NA,NA,NA,2904070.46
"93",2016,7,618366.1,526652.73,1145018.83,859222.62,NA,NA,859222.62,455823.14,NA,22000,108804.2,127905.46,NA,181500,NA,NA,NA,NA,NA,NA,NA,NA,NA,NA,NA,2900274.25
"103",2016,8,625218.9,512202.57,1137421.47,701185.75,NA,NA,701185.75,588310.54,285,20000,147462.11,246976.3,428.6,181492.85,NA,NA,NA,NA,NA,NA,NA,NA,NA,NA,NA,3023562.62
"113",2016,9,677892.97,567786.57,1245679.54,1274128.31,NA,NA,1274128.31,306543.41,NA,17000,94858.75,188931.32,1571.4,NA,NA,NA,NA,NA,NA,NA,NA,NA,NA,NA,NA,3128712.73
"123",2016,10,546154.65,455850.76,1002005.41,927923.5,NA,NA,927923.5,717388.57,NA,26173,81839.62,62511.8,1428.6,NA,NA,NA,NA,NA,NA,NA,NA,NA,NA,NA,NA,2819270.5
"133",2016,11,725548.16,476784.16,1202332.32,957656.05,NA,NA,957656.05,505975.98,6444.2,13197,95032.9,304552.31,4142.9,165005.5,NA,NA,NA,NA,NA,NA,NA,NA,NA,NA,NA,3254339.16
"143",2016,12,526573.96,473659.59,1000233.55,1303735.78,NA,NA,1303735.78,584807.19,NA,31039.2,158719.36,306550.77,3857,160560.68,NA,NA,NA,NA,NA,NA,NA,NA,NA,NA,NA,3549503.52
"153",2017,1,748233.58,527564.9,1275798.48,842993.49,NA,NA,842993.49,567345.82,NA,NA,33917.24,213661.5,3190,NA,NA,NA,NA,NA,NA,72.29,NA,NA,NA,NA,NA,2936978.82
"163",2017,2,497707.41,469140.06,966847.47,844676.98,NA,NA,844676.98,279527.23,21844.81,1040,152952.2,72649.78,714.3,NA,NA,NA,NA,NA,NA,NA,NA,NA,NA,NA,NA,2340252.77
"173",2017,3,734984.24,608144.98,1343129.22,1351787.92,NA,NA,1351787.92,780048.59,3505.27,NA,75312.22,376955.72,3142.9,388055.94,NA,NA,NA,NA,NA,72.29,NA,NA,NA,NA,NA,4322010.07
"183",2017,4,632843.41,681303.11,1314146.52,1406022.43,NA,NA,1406022.43,530578.14,508.27,NA,154934.13,106518.75,1285.71,404822.98,NA,NA,NA,NA,NA,72.29,NA,NA,NA,NA,NA,3918889.22
"193",2017,5,442311.09,386088.18,828399.27,889926.86,NA,NA,889926.86,604702.55,3193.64,NA,105375.23,160374.5,1285.71,NA,NA,NA,NA,NA,NA,72.29,NA,NA,NA,NA,NA,2593330.05
"203",2017,6,582374.34,519389.66,1101764,902659,NA,NA,902659,487244.19,367.94,NA,48933.84,191218.23,1428.57,182141.85,NA,NA,NA,NA,NA,72.29,NA,NA,NA,NA,NA,2915829.91
"213",2017,7,769214.06,433026.08,1202240.14,994338.3,NA,NA,994338.3,510428.14,NA,NA,54997.21,85356.63,1857.14,NA,NA,NA,NA,NA,NA,NA,NA,NA,NA,NA,NA,2849217.56
"223",2017,8,607368.72,592103.31,1199472.03,846696.35,NA,NA,846696.35,538582.14,666.23,NA,76542.18,44448.27,3269.86,583079.69,NA,NA,NA,NA,NA,144.57,NA,NA,NA,NA,NA,3292901.32
"233",2017,9,401678.98,316435.22,718114.2,925397.87,NA,NA,925397.87,350294.57,NA,NA,125724.44,218358.99,3857.14,NA,NA,NA,NA,NA,NA,72.29,NA,NA,NA,NA,NA,2341819.5
"243",2017,10,657241.76,574073.61,1231315.37,740198.57,NA,NA,740198.57,584709.61,6925.95,NA,132304.57,219812.14,5286.19,167584.01,NA,NA,NA,NA,NA,NA,NA,NA,NA,NA,NA,3088136.41
"253",2017,11,504247.31,434963.36,939210.67,1135350.1,NA,NA,1135350.1,935986.51,NA,NA,24435.17,127575.05,10880.53,NA,NA,NA,NA,NA,NA,72.29,NA,NA,NA,NA,NA,3173510.32
"263",2017,12,803216.88,679441.47,1482658.35,1305047.55,NA,NA,1305047.55,595421.43,4729.14,NA,80037.74,56960,3150.02,155599.02,NA,NA,NA,NA,NA,72.29,NA,NA,NA,NA,NA,3683675.54
"273",2018,1,535784.7,571858.06,1107642.76,NA,1153831.89,21987.53,1175819.42,396363.05,NA,NA,92894.94,134033.14,5302.14,NA,NA,NA,NA,NA,NA,78.78,NA,NA,NA,NA,NA,2912134.23
"283",2018,2,629467.91,509366.1,1138834.01,NA,921684.12,29946.48,951630.6,591000.02,NA,NA,52337.76,85318.21,3721.91,407070.3,NA,NA,NA,NA,NA,0.37,NA,NA,NA,NA,NA,3229913.18
"293",2018,3,529507.15,563899.06,1093406.21,NA,889227.1,12064.95,901292.05,644245.4,15747.16,NA,23906.14,84988.82,6182.35,418762.45,NA,NA,NA,NA,NA,74.03,NA,NA,NA,NA,NA,3188604.61
"303",2018,4,617512.28,510830,1128342.28,NA,696962.77,NA,696962.77,188590.81,NA,NA,70906.87,219805.45,1877.72,NA,NA,NA,NA,NA,NA,72.29,NA,NA,NA,NA,NA,2306558.19
"315",2018,5,580329.35,580825.11,1161154.46,NA,1592580.34,38055.3,1630635.64,636234.13,NA,NA,72992.51,111460.41,4300,327075.21,NA,NA,NA,NA,NA,6.96,NA,NA,NA,NA,NA,3943859.32
"323",2018,6,558257.59,463620.61,1021878.2,NA,777679.91,NA,777679.91,618811.33,21208.26,1000,34249.65,130426.6,6413,NA,NA,NA,NA,NA,NA,144.57,NA,NA,NA,NA,NA,2611811.52
"333",2018,7,784601.77,543333.77,1327935.54,NA,793683.41,NA,793683.41,584386.15,4005.99,NA,40811,148012.12,8518.71,385600.49,NA,NA,NA,NA,NA,5.84,NA,NA,NA,NA,NA,3292959.25
"343",2018,8,541557.34,663834.04,1205391.38,NA,1281364.78,NA,1281364.78,408658.63,20437.54,NA,81985.47,214625.41,3434.71,NA,NA,NA,NA,NA,NA,74.63,NA,NA,NA,NA,NA,3215972.55
"353",2018,9,536897.09,454442.87,991339.96,NA,896266.43,NA,896266.43,449846.76,18379.3,NA,94980.04,26753.84,4473.29,406985.43,NA,NA,NA,NA,NA,NA,NA,NA,NA,NA,NA,2889025.05
"363",2018,10,663440.34,726044.35,1389484.69,NA,992682.04,6049,998731.04,600230.45,2395.3,NA,55219.75,150085.74,4285.71,418296.61,NA,NA,NA,NA,NA,74.94,NA,NA,NA,NA,NA,3618804.23
"373",2018,11,509382.86,534084.49,1043467.35,NA,899588.34,39035.84,938624.18,598626.16,NA,NA,52310.24,65312.15,2584.71,244787,NA,NA,NA,NA,NA,73.85,NA,NA,NA,NA,NA,2945785.64
"383",2018,12,631652.56,535639.97,1167292.53,NA,792198.66,NA,792198.66,614887,NA,NA,87868.41,84669.38,2588.13,438155.24,NA,NA,NA,NA,NA,83.27,NA,NA,NA,NA,NA,3187742.62
"393",2019,1,684504.84,702923.37,1387428.21,NA,1195728.2,NA,1195728.2,414086.12,15399.57,NA,59152.84,196719.1,3058.43,208276.69,16541.3,585.91,7282.59,350.92,334,0.41,NA,NA,NA,475.49,NA,3505419.78
"403",2019,2,521555.38,469437.28,990992.66,NA,1208476.16,NA,1208476.16,460518.8,1801.96,NA,101570.62,100485.14,8794.74,279583.39,21619.99,545.97,11978.35,342.55,307.6,144.57,NA,NA,NA,1911.93,NA,3189074.42
"415",2019,3,704276.53,678145.38,1382421.91,NA,1550052.84,NA,1550052.84,384425.56,NA,NA,118678.8,109888.23,10715.12,256490,17980.15,996.49,4717.69,NA,426.69,80.58,NA,NA,NA,2170.21,NA,3839044.27
"423",2019,4,656495.95,867761.34,1524257.29,NA,1215209.05,39866.57,1255075.62,670633.92,14371.63,NA,76765.06,280702.33,3114.36,276252.72,17450.33,477.01,5112.74,NA,512.67,147.59,NA,NA,NA,1944.32,NA,4126817.59
"433",2019,5,568128.41,596798.22,1164926.63,NA,1011872.87,NA,1011872.87,623466.22,NA,NA,59987.32,103315.2,6650.62,485520.18,22195.29,489.43,6263.91,NA,171.98,82.01,NA,NA,NA,2658.48,NA,3487600.14
"443",2019,6,629788.43,712731.8,1342520.23,NA,1029100.9,NA,1029100.9,612732.27,13290.5,NA,68548.57,346048.3,4484.73,256057.52,22041.5,225.87,9967.36,NA,507.79,NA,NA,NA,NA,NA,NA,3705525.54
"453",2019,7,516273.85,531577.64,1047851.49,NA,1056569.11,NA,1056569.11,667486.78,NA,NA,63368.64,13652.9,19590.13,NA,20059.59,117.68,9079.17,NA,202.29,75.79,NA,NA,NA,3134.83,NA,2901188.41
"463",2019,8,713859.98,896841.31,1610701.29,NA,1167556.89,NA,1167556.89,586430.65,NA,NA,75962.03,141908.64,9374.15,NA,19268.71,176.82,3968.23,NA,404.4,7.34,NA,NA,NA,952.38,NA,3616711.53
"473",2019,9,491194.71,518043.68,1009238.39,NA,717490.02,7551.05,725041.07,850778.21,NA,NA,58060.4,108983.7,5473.85,212326.74,17011.47,348.21,8867.9,340.1,557.9,79.33,NA,NA,NA,166.67,NA,2997273.94
"483",2019,10,691407.73,712672.38,1404080.11,NA,1160570.85,35005.92,1195576.77,225207.04,NA,NA,43064.61,95514.49,10751.21,525400,19109.12,115.83,7671.02,NA,107.93,1.09,NA,NA,NA,2499.43,NA,3529098.65
"493",2019,11,658706.42,791039.02,1449745.44,NA,1122990.69,NA,1122990.69,610868.12,2070.48,NA,56475.66,84414.64,6971.48,NA,16108.61,320.44,13551.9,NA,427.5,149.09,NA,NA,NA,2579.15,NA,3366673.2
"503",2019,12,797580.75,731012.24,1528592.99,NA,1098972.39,NA,1098972.39,600003.85,NA,39972.88,39148.46,164276.76,5682.6,245057,27097.05,313.8,7373.88,NA,434.83,13.01,NA,NA,NA,2899.75,NA,3759839.25
"515",2020,1,573220.63,629414.9,1202635.53,NA,999181.2,34013.75,1033194.95,715600.32,NA,NA,64745.4,8484.76,4205.43,NA,19015.04,721.04,9005.37,NA,596.33,148.95,NA,NA,NA,1647.63,NA,3060000.75
"523",2020,2,611314.13,741509.07,1352823.2,NA,1237018.37,12300.92,1249319.29,451331.7,23690.3,NA,71115.46,158888.73,5960,849463.41,21047.21,177.68,8881.49,NA,237.16,NA,NA,NA,NA,2607.12,NA,4195542.75
"533",2020,3,809640.18,735491.29,1545131.47,NA,1367335.14,1991.32,1369326.46,643278.89,NA,NA,116115.4,262105.89,3351.04,249651.49,22930.96,590.64,10977.78,NA,920.12,NA,NA,NA,NA,1267.79,NA,4225647.93
"543",2020,4,453153.09,329134.18,782287.27,NA,834366.52,NA,834366.52,510349.93,288.62,NA,NA,195126.19,2443.86,NA,21591.95,363.63,6952.78,NA,756.32,144.57,NA,NA,NA,NA,NA,2354671.64
"553",2020,5,170292.5,415805.82,586098.32,NA,691066.44,2997.1,694063.54,616381.45,NA,NA,NA,77729.35,5300,231418,16064.15,507.39,6147.08,NA,396.85,72.29,NA,NA,NA,NA,NA,2234178.42
"563",2020,6,415672.19,683322.72,1098994.91,NA,1066148.05,48945.91,1115093.96,467664.76,NA,NA,18372.88,126935.72,5451,241228,15086.16,364.94,9716.36,259.99,280.4,NA,NA,NA,NA,NA,NA,3099449.08
"573",2020,7,347541.59,451717.75,799259.34,NA,779930.57,NA,779930.57,675337.54,NA,NA,29742.42,95456.23,4142.86,602780.29,24023.78,311.23,7703.4,247.67,NA,72.29,NA,NA,NA,NA,NA,3019007.62
"583",2020,8,414416.34,547899.55,962315.89,NA,791258.19,7998.76,799256.95,634320.07,NA,NA,46730.75,60562.44,3118.87,NA,18020.13,393.75,4201.86,1.14,524.4,72.29,NA,NA,NA,NA,NA,2529518.54
"593",2020,9,563742.5,591799.83,1155542.33,NA,1021360.83,NA,1021360.83,315527.09,2261.75,NA,NA,28529.93,579.76,351581.75,18803.77,329.23,19486.3,NA,NA,72.29,NA,NA,NA,356.4,NA,2914431.43
"603",2020,10,733692.01,861840.54,1595532.55,NA,891340.69,NA,891340.69,960840.53,NA,NA,22389.55,170477,4594.86,NA,25940.04,369.36,6118.08,0.38,519.98,72.86,NA,NA,NA,NA,NA,3678195.88
"613",2020,11,570262.17,696600.14,1266862.31,NA,1152909.51,44596.07,1197505.58,328603.13,708.35,NA,26211.17,160324.99,2720.06,357873.68,24172.72,388.25,24501.43,60,339,NA,NA,NA,NA,933.81,NA,3391204.48
"623",2020,12,777450.55,780347.28,1557797.83,NA,1050560.83,NA,1050560.83,684160.08,176.69,NA,36051,105609.42,4862.74,281577.99,24292.17,668.76,10024.51,7.67,287.36,144.57,NA,NA,NA,1116.47,NA,3757338.09
"316",2021,1,642652.37,626537.48,1269189.85,NA,1185644.96,1499.38,1187144.34,475619.63,NA,NA,34039.29,74116.04,2857.14,360218.54,30676.78,559.25,13170.43,NA,158.88,NA,NA,NA,NA,285.71,NA,3448035.88
"416",2021,2,726508.78,715261.34,1441770.12,NA,1076824.67,1203.34,1078028.01,617782.99,NA,NA,36199.22,90475.23,2944.55,NA,25287.66,469.36,13709.49,2.85,597.3,NA,NA,NA,NA,1941.72,NA,3309208.5
"516",2021,3,850334.64,772750.01,1623084.65,NA,1345110.18,13415.05,1358525.23,604151.98,22193.67,NA,44504.81,219041.83,2766.58,232451.5,39423.46,512.05,3207.39,48,329.9,NA,NA,NA,NA,1543.65,NA,4151784.7
"66",2021,4,1227173.53,634408.89,1861582.42,NA,1250171.58,39568.59,1289740.17,664443.94,NA,NA,60378.83,134271.99,2373.03,NA,34361.43,944.87,18218.88,NA,331.4,NA,NA,NA,NA,1008.98,191,4067846.94
"74",2021,5,673824.38,697161.3,1370985.68,NA,1352156.27,NA,1352156.27,678501.06,NA,NA,34196,70289.08,4002.38,554574.24,44746.07,270.53,21389.99,3.4,907.08,NA,NA,NA,NA,1689.58,NA,4133711.36
