"","Anio","Mes","GasolinaSuper","GasolinaRegular","TotalGasolinas","Diesel","DieselLS","DieselULS","TotalDiesel","GLP","GasolinaAviacion","Kerosina","TurboJet","Bunker","Asfalto","PetCoke","AceitesLubricantes","GrasasLubricantes","Solventes","Naftas","Ceras","CrudoNacional","Butano","Orimulsion","MezclasOleosas","Total"
"3",2000,1,308156.82,202645.2,510802.02,634667.06,NA,NA,634667.06,194410.48,1426,64026.09,NA,296766.99,48446,NA,NA,NA,NA,NA,NA,NA,NA,NA,NA,1750544.64
"4",2000,2,307766.31,205530.96,513297.27,642380.66,NA,NA,642380.66,174710.55,1458,62660.3,NA,328116.44,50597,NA,NA,NA,NA,NA,NA,NA,NA,NA,NA,1773220.22
"5",2000,3,331910.29,229499.56,561409.85,699807.25,NA,NA,699807.25,189234.07,1503,61361.99,NA,368589.63,27593,NA,NA,NA,NA,NA,NA,NA,NA,NA,NA,1909498.79
"6",2000,4,315648.08,210680.4,526328.48,586803.98,NA,NA,586803.98,174330.61,1561,61814.32,NA,396300.47,53794,NA,NA,NA,NA,NA,NA,NA,NA,NA,NA,1800932.86
"7",2000,5,319667.97,208164.34,527832.31,656948.2,NA,NA,656948.2,191745.15,1642,54098.32,NA,449368.92,60137,NA,NA,NA,NA,NA,NA,NA,NA,NA,NA,1941771.9
"8",2000,6,300347.7,195088.74,495436.44,570919.88,NA,NA,570919.88,196321.93,1641,60390.32,NA,404033.69,40623,NA,NA,NA,NA,NA,NA,NA,NA,NA,NA,1769366.26
"9",2000,7,308305.93,204556.77,512862.7,576436.02,NA,NA,576436.02,192344.5,1598,61931.56,NA,291436.2,36670,NA,NA,NA,NA,NA,NA,NA,NA,NA,NA,1673278.98
"10",2000,8,323011.86,218388.51,541400.37,593770.77,NA,NA,593770.77,203727.08,1438,70821.94,NA,373811.63,25033,NA,NA,NA,NA,NA,NA,NA,NA,NA,NA,1810002.79
"11",2000,9,326455.72,213906.96,540362.68,590145.4,NA,NA,590145.4,194565.1,1469,58960.01,NA,322718.89,16906,NA,NA,NA,NA,NA,NA,NA,NA,NA,NA,1725127.08
"12",2000,10,323843.63,213606.65,537450.28,641113.36,NA,NA,641113.36,210261.83,1475,63794.12,NA,260955.42,22070,NA,NA,NA,NA,NA,NA,NA,NA,NA,NA,1737120.01
"13",2000,11,320788.08,209227.48,530015.56,657086.3,NA,NA,657086.3,205027.95,1498,65733,NA,310274.26,25659,NA,NA,NA,NA,NA,NA,NA,NA,NA,NA,1795294.07
"14",2000,12,366987.56,230020.7,597008.26,673282.26,NA,NA,673282.26,200247.56,1501,68848.5,NA,284045.83,20430,NA,NA,NA,NA,NA,NA,NA,NA,NA,NA,1845363.41
"15",2001,1,300242.78,164547.35,464790.13,569328.79,NA,NA,569328.79,179405.99,1755.58,69691.25,NA,399107.63,30002.22,NA,NA,NA,NA,NA,NA,NA,NA,NA,NA,1714081.59
"16",2001,2,301483.4,174838.81,476322.21,597749.83,NA,NA,597749.83,167818.14,1510.58,56326.42,NA,404897,34407.57,NA,NA,NA,NA,NA,NA,NA,NA,NA,NA,1739031.76
"17",2001,3,355572.83,201992.65,557565.48,736085.97,NA,NA,736085.97,186397.33,1602.58,68208.99,NA,406269.28,32274.68,NA,NA,NA,NA,NA,NA,NA,NA,NA,NA,1988404.31
"18",2001,4,355826.76,198683.39,554510.15,606257.66,NA,NA,606257.66,175820.35,1355.58,66697.9,NA,397689.22,26986.96,NA,NA,NA,NA,NA,NA,NA,NA,NA,NA,1829317.82
"19",2001,5,336040.04,182504.09,518544.13,664082.66,NA,NA,664082.66,178303.33,1273.58,61641.63,NA,494837.73,29776.72,NA,NA,NA,NA,NA,NA,NA,NA,NA,NA,1948459.78
"20",2001,6,308804.7,201379.48,510184.18,559333.03,NA,NA,559333.03,177826.93,1171.58,57796.09,NA,385382.02,26759.22,NA,NA,NA,NA,NA,NA,NA,NA,NA,NA,1718453.05
"21",2001,7,350501.97,214980.24,565482.21,589452.73,NA,NA,589452.73,191041.99,1637.58,67033.45,NA,482085.37,24312.29,NA,NA,NA,NA,NA,NA,NA,NA,NA,NA,1921045.63
"22",2001,8,348414.65,204646.77,553061.42,568546.37,NA,NA,568546.37,190295.99,1412.58,64093.29,NA,470955.27,25226,NA,NA,NA,NA,NA,NA,NA,NA,NA,NA,1873590.93
"23",2001,9,324393.96,188292.35,512686.31,533108.39,NA,NA,533108.39,184039.99,1710.58,51773.04,NA,387235.78,20603.1,NA,NA,NA,NA,NA,NA,NA,NA,NA,NA,1691157.2
"24",2001,10,366261.63,225240.95,591502.58,603371.18,NA,NA,603371.18,206176.99,1102.58,56193.31,NA,412617.56,29817.1,NA,NA,NA,NA,NA,NA,NA,NA,NA,NA,1900781.31
"25",2001,11,351890.63,210324.95,562215.58,626156.18,NA,NA,626156.18,201335.99,1791.58,53500.31,NA,606966.56,22299.1,NA,NA,NA,NA,NA,NA,NA,NA,NA,NA,2074265.31
"26",2001,12,403561.63,223209.95,626771.58,664190.18,NA,NA,664190.18,209792.99,979.58,60508.31,NA,402835.56,19283.1,NA,NA,NA,NA,NA,NA,NA,NA,NA,NA,1984361.31
"27",2002,1,368935.53,200309.85,569245.38,726672.6,NA,NA,726672.6,196068.61,1722.92,51969.77,NA,512580.55,16971.66,NA,NA,NA,NA,NA,NA,37593.98,NA,NA,NA,2112825.45
"28",2002,2,348917.79,183119.34,532037.13,694344.78,NA,NA,694344.78,180209.8,923.92,42796.92,NA,506069.63,22834.54,NA,NA,NA,NA,NA,NA,85710.75,NA,NA,NA,2064927.45
"29",2002,3,385044.97,212711.71,597756.68,656379.29,NA,NA,656379.29,186680.97,1082.92,53352.86,NA,446878.07,22891.19,NA,NA,NA,NA,NA,NA,64873.73,NA,NA,NA,2029895.69
"30",2002,4,379741.98,204765.62,584507.6,683646.17,NA,NA,683646.17,196167.16,1295.92,51056.14,NA,450736.26,35584.54,NA,NA,NA,NA,NA,NA,40923.47,NA,NA,NA,2043917.24
"31",2002,5,375054.64,201083.51,576138.15,707165.47,NA,NA,707165.47,201612.36,1671.92,52716.55,NA,539547.91,27945.59,NA,NA,NA,NA,NA,NA,62407.67,NA,NA,NA,2169205.6
"32",2002,6,371138.59,187629.42,558768.01,667820.71,NA,NA,667820.71,193024.4,638.92,50501.35,NA,456986.27,20228.04,NA,NA,NA,NA,NA,NA,22963.62,NA,NA,NA,1970931.3
"33",2002,7,399944.65,201692.64,601637.29,656761.6,NA,NA,656761.6,204196.24,2062.92,55179.82,NA,492323.44,14042.27,NA,NA,NA,NA,NA,NA,48749.9,NA,NA,NA,2074953.47
"34",2002,8,392355.62,205240.77,597596.39,657099.74,NA,NA,657099.74,213625.43,1825.92,51119.79,NA,429935.51,13715.92,NA,NA,NA,NA,NA,NA,13351.58,NA,NA,NA,1978270.27
"35",2002,9,347191.44,177614.8,524806.24,653664.6,NA,NA,653664.6,209849.76,1416.92,46923.97,NA,381600.34,13512.87,NA,NA,NA,NA,NA,NA,49713.58,NA,NA,NA,1881488.26
"36",2002,10,381595.2,203097.24,584692.44,653053.27,NA,NA,653053.27,212932.33,1834.92,61834.38,NA,320349.21,10066.27,NA,NA,NA,NA,NA,NA,40876.58,NA,NA,NA,1885639.38
"37",2002,11,384334.22,207629.81,591964.03,671401.33,NA,NA,671401.33,210000.55,1552.92,50783.2,NA,438764.9,16772.08,NA,NA,NA,NA,NA,NA,43455.58,NA,NA,NA,2024694.57
"38",2002,12,400645.42,199619.27,600264.69,676192.45,NA,NA,676192.45,223830.4,1397.92,55123.28,NA,490960.95,13946.07,NA,NA,NA,NA,NA,NA,52341.58,NA,NA,NA,2114057.32
"39",2003,1,376516.58,193713.62,570230.2,769843.3,NA,NA,769843.3,213268.98,2009,55260.55,NA,459765.4,19127.77,NA,NA,NA,NA,NA,NA,23392,NA,NA,NA,2112897.2
"40",2003,2,355760.81,184354.61,540115.42,709783.58,NA,NA,709783.58,206815.01,1166,45243.65,NA,377181.42,34700.38,NA,NA,NA,NA,NA,NA,61772,NA,NA,NA,1976777.46
"41",2003,3,361880.87,201443.37,563324.24,786484.49,NA,NA,786484.49,216427.95,2039,51161.05,NA,516535.35,56138.58,NA,NA,NA,NA,NA,NA,94892,NA,NA,NA,2287002.66
"42",2003,4,377395.17,219004.31,596399.48,709626.39,NA,NA,709626.39,204403.51,1469,50488.24,NA,502634.98,47408.44,NA,NA,NA,NA,NA,NA,36935,NA,NA,NA,2149365.04
"43",2003,5,390624.27,200407.18,591031.45,755982.05,NA,NA,755982.05,216452.75,1387,50951.19,NA,565746.99,49995.62,NA,NA,NA,NA,NA,NA,106406,NA,NA,NA,2337953.05
"44",2003,6,346941.84,168327.72,515269.56,641540.08,NA,NA,641540.08,212069.04,1309,50662.66,NA,410520.4,37720.89,NA,NA,NA,NA,NA,NA,61528,NA,NA,NA,1930619.63
"45",2003,7,377178.84,174317.57,551496.41,631704.12,NA,NA,631704.12,231172.01,1662,59604.95,NA,438350.49,38616.19,NA,NA,NA,NA,NA,NA,57764,NA,NA,NA,2010370.17
"46",2003,8,355682.72,171665.05,527347.77,613428.55,NA,NA,613428.55,222312.71,1152,54601.1,NA,464485.57,35878.39,NA,NA,NA,NA,NA,NA,40642,NA,NA,NA,1959848.09
"47",2003,9,348659.02,174757.95,523416.97,582989.47,NA,NA,582989.47,225703.05,1617,52876.98,NA,357778.24,41167.35,NA,NA,NA,NA,NA,NA,61611.6,NA,NA,NA,1847160.66
"48",2003,10,392041.78,209314.45,601356.23,722763.6,NA,NA,722763.6,239665.04,1115,54999.76,NA,614187.67,32848.56,NA,NA,NA,NA,NA,NA,52466,NA,NA,NA,2319401.86
"49",2003,11,330640.23,168510,499150.23,639828.39,NA,NA,639828.39,229612.35,612,56216.77,NA,697861.8,38513.22,NA,NA,NA,NA,NA,NA,65943.03,NA,NA,NA,2227737.79
"50",2003,12,391327.66,196081.99,587409.65,652872.45,NA,NA,652872.45,247544.64,903,61415.1,NA,340583.67,31050.77,NA,NA,NA,NA,NA,NA,58499.66,NA,NA,NA,1980278.94
"51",2004,1,381547.72,203975.57,585523.29,656987.4,NA,NA,656987.4,235284.97,1295,54764.8,NA,430693.77,31681.4,83419.99,NA,NA,NA,NA,NA,87146,NA,NA,NA,2166796.61
"52",2004,2,339576.46,180290.24,519866.7,659540.43,NA,NA,659540.43,213288.68,2734,50279.3,NA,381997.15,34556.73,40040,NA,NA,NA,NA,NA,74043,NA,48278,NA,2024623.99
"53",2004,3,379687.46,206455.62,586143.08,746236.84,NA,NA,746236.84,233426.35,1238,57919.1,NA,426729,39057.06,47740,NA,NA,NA,NA,NA,59087,NA,113372,NA,2310948.43
"54",2004,4,357595.81,182379.92,539975.73,633766.06,NA,NA,633766.06,217530.88,1124,59607.6,NA,368839.7,41073,63398.5,NA,NA,NA,NA,NA,34697,NA,146362,NA,2106374.47
"55",2004,5,322596.73,160741.9,483338.63,556369.7,NA,NA,556369.7,225959.05,968,60199.1,NA,400866.77,31988.71,79761,NA,NA,NA,NA,NA,52403,NA,176927,NA,2068780.96
"56",2004,6,318811.5,164782.5,483594,560393.48,NA,NA,560393.48,225673.46,776,55658.6,NA,335267.91,45451.1,67864.5,NA,NA,NA,NA,NA,60590,NA,161297,NA,1996566.05
"57",2004,7,346413.66,182642.41,529056.07,583098.55,NA,NA,583098.55,243064.07,1725,68394.8,NA,320546.15,29127.74,68343,NA,NA,NA,NA,NA,39999,NA,176388,NA,2059742.38
"58",2004,8,390304.28,207432.8,597737.08,699610.8,NA,NA,699610.8,236324.77,759,62772.7,NA,333848.59,30990.92,64845,NA,NA,NA,NA,NA,40389,NA,184302,NA,2251579.86
"59",2004,9,364689.84,194240.55,558930.39,612639.57,NA,NA,612639.57,225204.18,1418,53387.8,NA,376693.43,24259.26,NA,NA,NA,NA,NA,NA,26770,NA,174244,NA,2053546.63
"60",2004,10,380441.55,200323.53,580765.08,619084.79,NA,NA,619084.79,229626.06,1886,59383.3,NA,323360.76,18477.29,130845,NA,NA,NA,NA,NA,40583,NA,171384,NA,2175395.28
"61",2004,11,378498.6,214509.65,593008.25,705298.16,NA,NA,705298.16,225593.82,1435,56250.2,NA,328267.45,18502.2,69437.5,NA,NA,NA,NA,NA,37413.09,NA,158324,NA,2193529.67
"310",2004,12,429109.1,236733.03,665842.13,761864.3,NA,NA,761864.3,241915.01,1419,63695.8,NA,289338.8,14061.36,79546.5,NA,NA,NA,NA,NA,43894,NA,180450,NA,2342026.9
"410",2005,1,321382.14,209901.6,531283.74,724692.36,NA,NA,724692.36,227154.97,1497,10015.1,48943.2,260522.63,17015.36,98428,NA,NA,NA,NA,NA,31108.09,NA,148655,NA,2099315.45
"510",2005,2,375768.83,198775.61,574544.44,717116.77,NA,NA,717116.77,211814.38,1705,9557.4,39285.8,280847.96,29448.99,64718.5,NA,NA,NA,NA,NA,43384.28,NA,152244,NA,2124667.52
"62",2005,3,410241.93,231358.58,641600.51,802139.58,NA,NA,802139.58,224387.03,1282,9416.3,48358.6,404657.12,38075.98,92735.5,NA,NA,NA,NA,NA,32149,NA,168846,NA,2463647.62
"71",2005,4,389737.16,225644.89,615382.05,803996.93,NA,NA,803996.93,218555.21,917,5506.2,39340.9,387064.14,40602.97,131785.5,NA,NA,NA,NA,NA,47388,NA,182433,NA,2472971.9
"81",2005,5,343762.52,187048.26,530810.78,715360.44,NA,NA,715360.44,230568.15,1335,6820.9,36827.2,506432.44,40536.6,129277.5,NA,NA,NA,NA,NA,55515,NA,167907,NA,2421391.01
"91",2005,6,351906.82,202161.79,554068.61,681743.36,NA,NA,681743.36,223151.26,1412,8013.7,44188.1,562186.3,39064.02,69657.5,NA,NA,NA,NA,NA,55190,NA,166798,NA,2405472.85
"101",2005,7,389172.65,213821.77,602994.42,678614.47,NA,NA,678614.47,236140.08,1678,5335.4,50690.5,334178.36,34049.77,64702,NA,NA,NA,NA,NA,50986,NA,122064,NA,2181433
"111",2005,8,396871.12,212696.38,609567.5,693681.13,NA,NA,693681.13,242734.74,1106,8509.9,47309.3,305370.13,29237.36,86713,NA,NA,NA,NA,NA,61600,NA,158944,NA,2244773.06
"121",2005,9,378887.62,196776.87,575664.49,666258.37,NA,NA,666258.37,223283.87,1309,5904.7,40131.2,238571.81,26273.57,87345.5,NA,NA,NA,NA,NA,11689,NA,103761,NA,1980192.51
"131",2005,10,328052.56,192270.24,520322.8,589830.24,NA,NA,589830.24,213139.58,996,7862.9,49322.5,230464.4,5405.34,84210.5,NA,NA,NA,NA,NA,7770,NA,91025,NA,1800349.26
"141",2005,11,360869.14,185251.12,546120.26,701255.47,NA,NA,701255.47,222988.53,1624,7266.3,23955.9,302297.6,13712.31,77429,NA,NA,NA,NA,NA,35384,NA,183012,NA,2115045.37
"151",2005,12,448688.52,241035.13,689723.65,775027.2,NA,NA,775027.2,225410.43,1457,8298.3,50005,285933.09,25971.31,99434.5,NA,NA,NA,NA,NA,51257,NA,163364,NA,2375881.48
"161",2006,1,382078.88,211152.72,593231.6,750946.36,NA,NA,750946.36,217867.31,1307,7111.6,45851,271228.13,26454.21,98549,NA,NA,NA,NA,NA,38294,NA,163706,NA,2214546.21
"171",2006,2,367944.25,200551.4,568495.65,734530.76,NA,NA,734530.76,212328.61,1735,6390.9,43198.9,228414.98,33494,101057,NA,NA,NA,NA,NA,43150,NA,152377,NA,2125172.8
"181",2006,3,427567.58,233082.86,660650.44,875047.29,NA,NA,875047.29,232405.36,1585,7416.6,45311.9,338067.89,48745,82582.5,NA,NA,NA,NA,NA,29621,NA,151247,NA,2472679.98
"191",2006,4,392050.29,223479.45,615529.74,711185.23,NA,NA,711185.23,207612.27,1497,8600.5,44322.2,445994.72,36478,89331,NA,NA,NA,NA,NA,59859,NA,29039,NA,2249448.66
"201",2006,5,379832.55,222710.9,602543.45,734289.15,NA,NA,734289.15,232489.83,1400,6151.3,44047.1,628053.53,40882,96222.5,NA,NA,NA,NA,NA,29498,NA,NA,NA,2415576.86
"211",2006,6,364359.35,196511.22,560870.57,672428.87,NA,NA,672428.87,236563.83,1362,3720.3,42531.9,399380.67,22806,101684,NA,NA,NA,NA,NA,30854,NA,NA,NA,2072202.14
"221",2006,7,392252.91,210255.7,602508.61,684438.7,NA,NA,684438.7,239767.85,1552,6128.6,43381.8,408695.2,34461.58,97361,NA,NA,NA,NA,NA,59117.27,NA,NA,NA,2177412.61
"231",2006,8,394585.28,211202.14,605787.42,707219.69,NA,NA,707219.69,245672.02,1942,7918.7,44489.5,412953.69,29068.07,89875.5,NA,NA,NA,NA,NA,42171.03,NA,1471,NA,2188568.62
"241",2006,9,382724.97,204369.99,587094.96,650791.38,NA,NA,650791.38,256040.1,1576,6691.2,37449.2,283514.35,22311.3,111782,NA,NA,NA,NA,NA,39823.1,NA,NA,NA,1997073.59
"251",2006,10,400793.81,203061.39,603855.2,683543.13,NA,NA,683543.13,238514.63,1845,7884.2,37891.8,464238.85,25204.67,48735.5,NA,NA,NA,NA,NA,28499.79,NA,NA,NA,2140212.77
"261",2006,11,401922.57,205541.91,607464.48,739181.99,NA,NA,739181.99,228417.44,1618.91,7669.5,40998.5,523491.3,36772.97,109186,NA,NA,NA,NA,NA,21777.27,NA,NA,NA,2316578.36
"271",2006,12,454373.13,233936.83,688309.96,776330.26,NA,NA,776330.26,236333.11,1959,9049.5,51753.6,384849.54,27047.99,110896.5,NA,NA,NA,NA,NA,34342.7,NA,NA,NA,2320872.16
"281",2007,1,418412.86,216560.79,634973.65,810372.66,NA,NA,810372.66,217344.66,1657,9659.8,47659.2,481365.9,36112.06,118327,NA,NA,NA,NA,NA,55217.79,NA,NA,NA,2412689.72
"291",2007,2,401425.14,204991.91,606417.05,799394.6,NA,NA,799394.6,211149.36,1606,5162.4,42101.8,441178.9,35844.96,89353,NA,NA,NA,NA,NA,38218.66,NA,NA,NA,2270426.73
"301",2007,3,454731.09,239019.91,693751,956680.19,NA,NA,956680.19,264115.98,1665,7526.9,54082.4,537373.86,47101.77,101887.5,NA,NA,NA,NA,NA,57660.84,NA,NA,NA,2721845.44
"311",2007,4,403732.56,217536.23,621268.79,758988.58,NA,NA,758988.58,224818.88,1550,7512.6,44957.1,480634.06,38731.92,91234,NA,NA,NA,NA,NA,46865.77,NA,NA,NA,2316561.7
"321",2007,5,426414.71,224400.73,650815.44,811703.69,NA,NA,811703.69,259749.48,1458,11518.6,46178.5,624648.8,44730.69,78331,NA,NA,NA,NA,NA,47491.42,NA,NA,NA,2576625.62
"331",2007,6,390991.36,217473.91,608465.27,720896.77,NA,NA,720896.77,244505.28,908,14318.3,46459.4,666096.2,25509.9,83270,NA,NA,NA,NA,NA,36586.8,NA,NA,NA,2447015.92
"341",2007,7,416497.41,219874.23,636371.64,721550.61,NA,NA,721550.61,261555.62,1381,11812.2,55620.5,680178.9,41652.9,99957,NA,NA,NA,NA,NA,66993.71,NA,NA,NA,2577074.08
"351",2007,8,411088.53,236565.57,647654.1,736620.9,NA,NA,736620.9,267634.12,1571,16179.4,50337,529257.62,32132.95,117265.5,NA,NA,NA,NA,NA,36100.5,NA,NA,NA,2434753.09
"361",2007,9,390568.99,207241.84,597810.83,669587.88,NA,NA,669587.88,254081.76,1243,9016.5,46392.8,374139.35,21666.59,101530,NA,NA,NA,NA,NA,48278.98,NA,NA,NA,2123747.69
"371",2007,10,419001.81,224750.77,643752.58,738702.86,NA,NA,738702.86,264936.66,1284,13724.2,50839.9,384625.95,23741.47,105314,NA,NA,NA,NA,NA,22628.56,NA,NA,NA,2249550.18
"381",2007,11,417490.77,218116.79,635607.56,779547.05,NA,NA,779547.05,250108.61,1477,13720.9,48631.6,515855.99,36281.17,73557,NA,NA,NA,NA,NA,52597.23,NA,NA,NA,2407384.11
"391",2007,12,438542.79,252394.11,690936.91,768886.87,NA,NA,768886.87,253659.53,1009,23241.6,52596,431419.38,36570.14,100226.5,NA,NA,NA,NA,NA,47879.57,NA,NA,NA,2406425.5
"401",2008,1,403266.74,213645.39,616912.13,797668.91,NA,NA,797668.91,252508.33,1989.2,23736.5,50760.2,433142.36,33627.86,95308.84,NA,NA,NA,NA,NA,43860.96,NA,NA,NA,2349515.29
"411",2008,2,407735.55,215873.67,623609.22,794000.25,NA,NA,794000.25,241978.08,1282.48,12268.8,49177.79,430602.16,27023.37,59523.7,NA,NA,NA,NA,NA,43795.41,NA,NA,NA,2283261.26
"421",2008,3,424157.28,233761.07,657918.35,776026.79,NA,NA,776026.79,247679.04,1282.24,11053.6,54474.23,433126.79,24535.08,90591.99,NA,NA,NA,NA,NA,33091.99,NA,NA,NA,2329780.09
"431",2008,4,399193.53,233687.28,632880.81,807725.77,NA,NA,807725.77,243178.03,1389.7,9701.1,50481.01,521002.28,28686.75,107236.47,NA,NA,NA,NA,NA,33710.99,NA,NA,NA,2435992.91
"441",2008,5,390882.63,236635.85,627518.48,682326.18,NA,NA,682326.18,240798.46,1097.2,10184.3,40315.15,671159.46,30108.84,108039.42,NA,NA,NA,NA,NA,29039.12,NA,NA,NA,2440586.6
"451",2008,6,337464.32,200656.57,538120.89,507662.65,NA,NA,507662.65,242422.57,961.5,9387.8,45117.89,512787.44,13816.19,109057.41,NA,NA,NA,NA,NA,24325.03,NA,NA,NA,2003659.37
"461",2008,7,374847.05,228640.21,603487.26,544399.26,NA,NA,544399.26,243531.97,1376,12510.7,53791.45,374959.04,13246.41,85805.5,NA,NA,NA,NA,NA,20392.63,NA,NA,NA,1953500.22
"471",2008,8,378363.76,227499,605862.76,556174.4,NA,NA,556174.4,237062.52,1296.43,5642.2,52969.79,340442.84,17823.81,57263.2,NA,NA,NA,NA,NA,27582.41,NA,NA,NA,1902120.35
"481",2008,9,367962.73,218214.64,586177.37,557802.62,NA,NA,557802.62,225262.46,1432.72,5890.8,44179.04,312823.32,12370.7,103737.26,NA,NA,NA,NA,NA,27685.65,NA,NA,NA,1877361.94
"491",2008,10,386430.4,238955.44,625385.84,617863.13,NA,NA,617863.13,263100.5,1192.71,4615.3,43407.77,327371.38,16819.09,76022.98,NA,NA,NA,NA,NA,19914.86,NA,NA,NA,1995693.56
"501",2008,11,375438.69,238626.16,614064.85,688104.11,NA,NA,688104.11,230092.62,737.48,5666.5,43778.49,340754.09,29048.29,69055.69,NA,NA,NA,NA,NA,40840.89,NA,NA,NA,2062143.01
"511",2008,12,463343.73,298245.47,761589.2,778953.84,NA,NA,778953.84,245852.65,1661.95,12981.9,47251.99,327040.51,28541.85,10382.57,NA,NA,NA,NA,NA,41920.97,NA,NA,NA,2256177.43
"521",2009,1,424264.5,273494.16,697758.66,800526.47,NA,NA,800526.47,217372.42,1198.7,9922.8,44522.53,454789.92,31963.02,94486.37,NA,NA,NA,NA,NA,43188.98,NA,NA,NA,2395729.87
"531",2009,2,424438.71,254667.7,679106.41,795050.51,NA,NA,795050.51,212038.24,1009.24,6520.7,38201.07,387416.95,38311.5,95799.17,NA,NA,NA,NA,NA,52862.62,NA,NA,NA,2306316.41
"541",2009,3,434248.69,290343.28,724591.97,865981.57,NA,NA,865981.57,235475.32,1385.24,8252.9,42318.13,401630.02,59263.86,98162.74,NA,NA,NA,NA,NA,70567.18,NA,NA,NA,2507628.92
"551",2009,4,454265.4,290887.08,745152.48,822109.74,NA,NA,822109.74,209739.17,1018.24,9120.7,42656.39,643776.55,48545.41,97879.98,NA,NA,NA,NA,NA,53545.56,NA,NA,NA,2673544.22
"561",2009,5,432401.49,276970.67,709372.16,770687.28,NA,NA,770687.28,221884.47,1357.9,7861.7,35798.11,682916.87,48882.92,101914.67,NA,NA,NA,NA,NA,60585.75,NA,NA,NA,2641261.83
"571",2009,6,393140.38,252551.99,645692.37,703815.55,NA,NA,703815.55,221329.63,822.8,4161.6,44548.27,586246.02,27918.98,91670.87,NA,NA,NA,NA,NA,37437.64,NA,NA,NA,2363643.72
"581",2009,7,435256.09,283142.05,718398.14,740868.09,NA,NA,740868.09,241510.2,1649.1,11172.6,46313.51,450992.66,37350.91,110163.57,NA,NA,NA,NA,NA,55471.15,NA,NA,NA,2413889.93
"591",2009,8,409182.96,267830.84,677013.8,692376.7,NA,NA,692376.7,232174.11,1458.48,10701.3,39851.2,535359.83,32129.06,74197.31,NA,NA,NA,NA,NA,37735.48,NA,NA,NA,2332997.27
"601",2009,9,420238.71,248994.42,669233.13,687435.1,NA,NA,687435.1,225886.43,1285.3,7926.6,34686.54,545203.3,31422.61,72632.73,NA,NA,NA,NA,NA,29161.17,NA,NA,NA,2304872.9
"611",2009,10,421753.29,269008.52,690761.81,775739.56,NA,NA,775739.56,235899.13,1003,10994,37554.44,643683.55,25594.66,94084.43,NA,NA,NA,NA,NA,54414,NA,NA,NA,2569728.58
"312",2009,11,391754.81,212149.91,603904.72,738678.65,NA,NA,738678.65,232172.83,1412.9,15251.9,37672.79,525804.8,44273.35,77337.32,NA,NA,NA,NA,NA,42512.45,NA,NA,NA,2319021.7
"412",2009,12,449842.29,296805.29,746647.58,891670.41,NA,NA,891670.41,215923.38,1461,10317.6,44690.11,457616.74,31718.72,80620.82,NA,NA,NA,NA,NA,50398.46,NA,NA,NA,2531064.81
"512",2010,1,389068.41,243341.49,632409.9,777741.34,NA,NA,777741.34,228078.62,850,10204.3,41227.21,391820.19,31511.41,83732.94,NA,NA,NA,NA,NA,32292.3,NA,NA,NA,2229868.21
"63",2010,2,391195.69,248207.93,639403.62,807692.1,NA,NA,807692.1,214409.69,1397,9408.7,35844.67,451749.94,30767.71,91255.01,NA,NA,NA,NA,NA,30991.63,NA,NA,NA,2312920.07
"72",2010,3,465664.59,320985.41,786650,1017058.18,NA,NA,1017058.18,242081.59,1329,33330.7,44598.5,384792.99,27017.08,79706.61,NA,NA,NA,NA,NA,55580.16,NA,NA,NA,2672144.8
"82",2010,4,387063.18,254872.61,641935.79,762770.01,NA,NA,762770.01,216150.67,1098,3894.5,45127.02,331373.92,24699.45,77061.27,NA,NA,NA,NA,NA,24069.94,NA,NA,NA,2128180.57
"92",2010,5,381811.18,238903.31,620714.49,721668.18,NA,NA,721668.18,215523.54,957,4776,37381.07,365270.01,20105.26,87377.4,NA,NA,NA,NA,NA,55436.64,NA,NA,NA,2129209.59
"102",2010,6,385981.1,251896.39,637877.49,683236.54,NA,NA,683236.54,226415.07,940,9185.7,38418.83,344237.89,13669.01,86113.28,NA,NA,NA,NA,NA,55113.23,NA,NA,NA,2095207.04
"112",2010,7,422481.8,278700.49,701182.29,721584.6,NA,NA,721584.6,243063.35,1094,8863.1,47085.53,291849.33,10977.1,45959.65,NA,NA,NA,NA,NA,38570.85,NA,NA,NA,2110229.8
"122",2010,8,410176.39,268917.79,679094.18,695796.33,NA,NA,695796.33,245908.42,1279,6961.3,45197.12,212469.47,10044.77,95323.09,NA,NA,NA,NA,NA,12877.01,NA,NA,NA,2004950.68
"132",2010,9,396429.75,266975.25,663405,687553.88,NA,NA,687553.88,233404.9,1694,9110.6,36057.49,211385.25,19136.32,89908.23,NA,NA,NA,NA,NA,57336.39,NA,NA,NA,2008992.05
"142",2010,10,418305.07,275031.21,693336.28,745415.51,NA,NA,745415.51,236852.35,777,5718.6,38697.1,216834.49,23496.93,63264.58,NA,NA,NA,NA,NA,46381.13,NA,NA,NA,2070773.96
"152",2010,11,409652.73,273452.94,683105.67,785917.4,NA,NA,785917.4,255841.85,1538,10443,33407.71,251863.66,24354.93,71750.75,NA,NA,NA,NA,NA,23969.94,NA,NA,NA,2142192.9
"162",2010,12,466766.78,320807.17,787573.95,843762,NA,NA,843762,251825.2,1124,10620.7,41025.05,156863.43,21599.07,94478.95,NA,NA,NA,NA,NA,53169.71,NA,NA,NA,2262042.06
"172",2011,1,411737.33,285089.04,696826.37,850696.79,NA,NA,850696.79,244328.91,1295,12512,30823.29,264151.18,17369.8,106612.99,NA,NA,NA,NA,NA,49396.74,NA,NA,NA,2274013.07
"182",2011,2,391131.1,269301.38,660432.48,819940.5,NA,NA,819940.5,228479,940,11411.5,26917.52,259856.17,20587.76,100367.74,NA,NA,NA,NA,NA,39015.88,NA,NA,NA,2167948.55
"192",2011,3,393160.91,281453.75,674614.66,900485.91,NA,NA,900485.91,255792.92,1475,11433.8,34478.8,395111.72,25683.06,118505.59,NA,NA,NA,NA,NA,52874.84,NA,NA,NA,2470456.3
"202",2011,4,386749.27,285598.37,672347.64,797527.23,NA,NA,797527.23,237582.68,1107,12796.6,34179.8,539928.57,29703.34,106152.2,NA,NA,NA,NA,NA,34616.09,NA,NA,NA,2465941.15
"212",2011,5,371876.75,253277.88,625154.63,803849.53,NA,NA,803849.53,247975.28,1100,10823.6,33669.09,501342.97,32700.99,97113.61,NA,NA,NA,NA,NA,76408.92,NA,NA,NA,2430138.62
"222",2011,6,380800.43,290137.49,670937.92,729676.79,NA,NA,729676.79,247082.28,1100,9444.8,37037.4,638939.11,24786.05,101035.11,NA,NA,NA,NA,NA,46048.92,NA,NA,NA,2506088.38
"232",2011,7,389294.64,279283.36,668578,718255.06,NA,NA,718255.06,259033.89,1295,14646.3,44313.17,251734.87,22142.32,71759,NA,NA,NA,NA,NA,44432.82,NA,NA,NA,2096190.42
"242",2011,8,408494.51,256380.27,664874.78,699736.08,NA,NA,699736.08,259688.74,1467,10424.1,42315.36,333071.69,17414.86,74518.9,NA,NA,NA,NA,NA,39157.53,NA,NA,NA,2142669.04
"252",2011,9,380453.23,256728.25,637181.48,660384.93,NA,NA,660384.93,251882.54,1100,9715.8,36043.04,238864.67,14666.97,63847.96,NA,NA,NA,NA,NA,39066.8,NA,NA,NA,1952754.18
"262",2011,10,381309.5,242071.01,623380.51,672214.93,NA,NA,672214.93,262255.14,745,10170.3,37096.07,239305.91,13711.35,48561.32,NA,NA,NA,NA,NA,39973.11,NA,NA,NA,1947413.63
"272",2011,11,381871.84,231413.83,613285.67,794507.24,NA,NA,794507.24,252218.21,1283,10071.9,38064.86,229497.48,31593.72,99849.53,NA,NA,NA,NA,NA,44374.42,NA,NA,NA,2114746.04
"282",2011,12,449904.1,291678.03,741582.13,862318.8,NA,NA,862318.8,263892.43,1295,13089.6,41929.61,215079.84,25774.42,88815.54,NA,NA,NA,NA,NA,57943.79,NA,NA,NA,2311721.16
"292",2012,1,393781.94,261933.68,655715.62,814956.72,NA,NA,814956.72,242524.9,1100,11596.5,39631.6,199651.92,28849.11,77569.36,NA,NA,NA,NA,NA,44982.71,NA,NA,NA,2116578.44
"302",2012,2,402633.55,253733.22,656366.77,848067.25,NA,NA,848067.25,243810.95,1295,9916.7,34550.67,295550.29,22730.38,83515.03,NA,NA,NA,NA,NA,49337.47,NA,NA,NA,2245140.51
"313",2012,3,429534.5,290286.65,719821.15,925065.27,NA,NA,925065.27,270906.08,1467,162.77,49247.79,351951.02,30672.08,103215.64,NA,NA,NA,NA,NA,44877.18,NA,NA,NA,2497385.98
"322",2012,4,389264.02,262615.28,651879.3,792201.73,NA,NA,792201.73,249493.66,1100,5720.83,34435.19,311653.42,27048.12,94102.14,NA,NA,NA,NA,NA,42650.82,NA,NA,NA,2210285.21
"332",2012,5,405877.41,235374.04,641251.45,771542.47,NA,NA,771542.47,261657.41,1300,39069.95,18507.79,492974.59,22351.3,77341.94,NA,NA,NA,NA,NA,52170.98,NA,NA,NA,2378167.87
"342",2012,6,409111.24,261012.58,670123.82,712464.94,NA,NA,712464.94,255333.43,917,44022.37,10812.2,325999.25,15219.56,97728.95,NA,NA,NA,NA,NA,31694.11,NA,NA,NA,2164315.62
"352",2012,7,420370.6,233061.35,653431.95,699130.04,NA,NA,699130.04,271101.94,1307,35388.97,24927.2,308473.07,21946.13,75956.82,NA,NA,NA,NA,NA,51140.36,NA,NA,NA,2142803.47
"362",2012,8,433828.02,259165.94,692993.96,716720.36,NA,NA,716720.36,280184.27,1283,31964.77,22370.8,343321.82,22014.81,96820.68,NA,NA,NA,NA,NA,46292.7,NA,NA,NA,2253967.16
"372",2012,9,378478.8,228205.77,606684.57,632120.37,NA,NA,632120.37,268875.1,1124,30052.01,17089.8,285599.63,19861.06,61612.65,NA,NA,NA,NA,NA,40445.17,NA,NA,NA,1963464.36
"382",2012,10,414523.22,261347.22,675870.44,728414.88,NA,NA,728414.88,297829.17,1307,28278.43,19378.9,359066.7,15420.12,110937.97,NA,NA,NA,NA,NA,36948.68,NA,NA,NA,2273452.29
"392",2012,11,394751.47,272657.82,667409.29,812523.44,NA,NA,812523.44,303422.01,1100,31373.64,18005.6,394482.14,20434.77,27937.8,NA,NA,NA,NA,NA,40052.76,NA,NA,NA,2316741.46
"402",2012,12,442191.43,310407.04,752598.47,848262.93,NA,NA,848262.93,281757.56,1195.2,32533.44,19827.4,317771.58,20346.53,22090.77,NA,NA,NA,NA,NA,56283.49,NA,NA,NA,2352667.37
"413",2013,1,408557.45,287985.59,696543.04,863769.41,NA,NA,863769.41,291844,1489.48,13242.55,38605.36,197658.18,12205.94,97515.33,NA,NA,NA,NA,NA,39542.92,NA,NA,NA,2252416.21
"422",2013,2,361215.69,259659.66,620875.35,808853.97,NA,NA,808853.97,253221.89,1226.62,16355.46,28448.02,222606.1,14270.12,81654.54,NA,NA,NA,NA,NA,22225.02,NA,NA,NA,2069737.09
"432",2013,3,413744.86,313075.45,726820.31,898352.2,NA,NA,898352.2,286869.62,924,16675,32505.06,289422.67,23907.33,131379.05,NA,NA,NA,NA,NA,50215.89,NA,NA,NA,2457071.13
"442",2013,4,409238.3,330070.65,739308.95,966103.92,NA,NA,966103.92,287216.3,1100,15424.52,32725.43,328809.8,23075.02,73378.09,NA,NA,NA,NA,NA,41087.97,NA,NA,NA,2508230
"452",2013,5,403354.79,313131.36,716486.15,827601.25,NA,NA,827601.25,301770.53,1173.74,13608.37,32306.94,434716.65,20716.42,99652.69,NA,NA,NA,NA,NA,34639.1,NA,NA,NA,2482671.83
"462",2013,6,402012.07,287596.64,689608.71,775187.12,NA,NA,775187.12,275921.37,1383.35,17894,25064.37,384549.94,19145.31,113554.65,NA,NA,NA,NA,NA,41706.22,NA,NA,NA,2344015.04
"472",2013,7,425154.22,314185.61,739339.83,732544.52,NA,NA,732544.52,292790.1,1001.07,21247,35532.69,286369.33,19516.84,111798.06,NA,NA,NA,NA,NA,40114.18,NA,NA,NA,2280253.62
"482",2013,8,416968.15,288400.67,705368.82,773147.9,NA,NA,773147.9,282844.32,1467,16948,34875.26,284525.32,16534.02,100883.26,NA,NA,NA,NA,NA,43009.3,NA,NA,NA,2259603.19
"492",2013,9,379479.78,249357.42,628837.2,672125.16,NA,NA,672125.16,278403.42,1283,8640,33980.81,191796.17,10189.82,75989.1,NA,NA,NA,NA,NA,38110.23,NA,NA,NA,1939354.91
"502",2013,10,430179.69,314518.72,744698.41,800049.12,NA,NA,800049.12,285195.01,1298.98,15461,33725.62,200089.72,10352.81,62188.17,NA,NA,NA,NA,NA,37081.2,NA,NA,NA,2190140.04
"513",2013,11,404692.46,306638.45,711330.91,821457.45,NA,NA,821457.45,253022.23,587.21,16521,37678.38,182327.92,10990.54,96463.73,NA,NA,NA,NA,NA,37046.1,NA,NA,NA,2167425.47
"522",2013,12,448135.35,339969.85,788105.2,860351.9,NA,NA,860351.9,282335.47,1284,20137,31020.65,137481.49,14139.03,82518.65,NA,NA,NA,NA,NA,48041.71,NA,NA,NA,2265415.09
"532",2014,1,412617.93,312139.77,724757.7,917251.54,NA,NA,917251.54,288260.8,1504,16452.26,35071.79,150401.55,47657.13,110646.31,NA,NA,NA,NA,NA,37212.01,NA,NA,NA,2329215.09
"542",2014,2,385430.58,312142.65,697573.23,890362.31,NA,NA,890362.31,304312.13,1283,14441.12,23696.1,191584.66,22039.43,105986.1,NA,NA,NA,NA,NA,46110.11,NA,NA,NA,2297388.19
"552",2014,3,434863.96,335869.63,770733.59,1004937.39,NA,NA,1004937.39,284201.43,1132.4,16527.3,39327.74,254936.96,12159.87,107499.65,NA,NA,NA,NA,NA,36453.76,NA,NA,NA,2527910.09
"562",2014,4,437470.07,349155.3,786625.37,972039.42,NA,NA,972039.42,250902.83,329,15600,38975.79,293648.05,22675.6,94527.24,NA,NA,NA,NA,NA,41751.04,NA,NA,NA,2517074.34
"572",2014,5,427487.2,332737.37,760224.57,877263.31,NA,NA,877263.31,305911.84,1162.98,18620.1,29820.27,295075.17,22036.88,105266.21,NA,NA,NA,NA,NA,43299.8,NA,NA,NA,2458681.13
"582",2014,6,387299.1,303016.82,690315.92,733508.7,NA,NA,733508.7,285640.44,733,21987.5,36833.13,211036.28,20863.92,109708.83,NA,NA,NA,NA,NA,41730.57,NA,NA,NA,2152358.29
"592",2014,7,439137.13,344659.64,783796.77,826918.81,NA,NA,826918.81,289827.6,1502.4,22146.22,41291.71,312203.06,20046.62,101908.84,NA,NA,NA,NA,NA,46099.12,NA,NA,NA,2445741.15
"602",2014,8,442953.1,326356.06,769309.16,793694.01,NA,NA,793694.01,272617.6,1466.7,43792.26,10476.4,406297.45,24450.24,101477.53,NA,NA,NA,NA,NA,53158.86,NA,NA,NA,2476740.21
"612",2014,9,411466.28,371327.13,782793.41,728498.84,NA,NA,728498.84,271079.59,550,37824.53,8012.4,229889.08,16173.57,81213.02,NA,NA,NA,NA,NA,36119.87,NA,NA,NA,2192154.31
"314",2014,10,459922.48,343812.67,803735.15,836278.12,NA,NA,836278.12,337006.14,183.3,44198.4,9170.9,291536.98,10066.11,101071.19,NA,NA,NA,NA,NA,53692.16,NA,NA,NA,2486938.45
"414",2014,11,436467.9,343918.56,780386.46,885713.74,NA,NA,885713.74,303666.7,190.5,42604.5,7357.7,190635.7,17687.89,116686.02,NA,NA,NA,NA,NA,49256.09,NA,NA,NA,2394185.3
"514",2014,12,538899.26,464223.15,1003122.41,1021378.09,NA,NA,1021378.09,311419.96,1142.9,19815.75,39959.47,211555.82,16337.76,119369.8,NA,NA,NA,NA,NA,60321.9,NA,NA,NA,2804423.86
"64",2015,1,503135.7,419102.72,922238.42,1014706.21,NA,NA,1014706.21,317220.91,1353.8,12126.41,41308.34,243511.92,14013.06,76805.25,NA,NA,NA,NA,NA,40255.58,NA,NA,NA,2683539.9
"73",2015,2,454190.88,398167.69,852358.57,980149.84,NA,NA,980149.84,315364.36,958.4,28906.68,32165.25,189006.84,10763.45,88685.69,NA,NA,NA,NA,NA,41687.16,NA,NA,NA,2540046.24
"83",2015,3,521879.26,457246.14,979125.4,1142551.06,NA,NA,1142551.06,338142.32,1478.49,16930.56,38204.73,253562.02,26761.09,107757.21,NA,NA,NA,NA,NA,54482.32,NA,NA,NA,2958995.2
"93",2015,4,486779.41,413451.11,900230.52,1011167.74,NA,NA,1011167.74,320920.88,1119.05,9165.79,39177.71,318449.8,17237.77,112963.4,NA,NA,NA,NA,NA,34156.09,NA,NA,NA,2764588.75
"103",2015,5,483594.83,415570.95,899165.78,944316.66,NA,NA,944316.66,328177.8,952.43,19259.07,34301.53,367017.51,14038.74,92041.35,NA,NA,NA,NA,NA,40588.91,NA,NA,NA,2739859.78
"113",2015,6,480892.11,414466.18,895358.29,880016.47,NA,NA,880016.47,331140.05,772.03,16406.36,39977.57,315322.36,13095.63,112288.55,NA,NA,NA,NA,NA,35207.32,NA,NA,NA,2639584.63
"123",2015,7,515322.66,440729.53,956052.19,902586.36,NA,NA,902586.36,363251.96,1658.2,19274.98,42322.79,350976.98,16218.35,106971.26,NA,NA,NA,NA,NA,31447,NA,NA,NA,2790760.07
"133",2015,8,513413,439588.9,953001.9,887796.85,NA,NA,887796.85,333215.61,1121.88,14996.02,40414.69,519237.36,14732.03,108392.46,NA,NA,NA,NA,NA,43883.15,NA,NA,NA,2916791.95
"143",2015,9,501658.04,422826.59,924484.63,734654.22,NA,NA,734654.22,364351.76,1122.19,14495.48,32730.8,342909.33,9560.41,96179.22,NA,NA,NA,NA,NA,34526.1,NA,NA,NA,2555014.13
"153",2015,10,532741.14,448971.88,981713.02,834285.95,NA,NA,834285.95,364469.55,928.57,16644.12,37102.3,304037.55,7632.56,79944.15,NA,NA,NA,NA,NA,38501.06,NA,NA,NA,2665258.82
"163",2015,11,516486.95,423841.82,940328.77,925431,NA,NA,925431,353643.08,952.4,15712.24,41450.5,209107.14,10137.17,77375.21,NA,NA,NA,NA,NA,32446.1,NA,NA,NA,2606583.61
"173",2015,12,600161.72,499839.17,1100000.89,1047478.84,NA,NA,1047478.84,355233.65,1113.18,18892.21,43851.69,184791.46,9475.85,91440.75,NA,NA,NA,NA,NA,36934.5,NA,NA,NA,2889213.01
"183",2016,1,545737.53,433180.34,978917.87,1084043.63,NA,NA,1084043.63,346512.22,952.98,16499.03,38680.6,262150.77,5542.28,100703.08,NA,NA,NA,NA,NA,33641,NA,NA,NA,2867643.45
"193",2016,2,540459.19,450916.35,991375.54,1055672.64,NA,NA,1055672.64,368867.55,1143.69,13267.85,40215.13,242970.07,5939.92,88817.52,NA,NA,NA,NA,NA,28012.3,NA,NA,NA,2836282.21
"203",2016,3,575720.92,486255.94,1061976.86,1107296.65,NA,NA,1107296.65,372223.42,1181.46,19388.31,43123.03,312624.84,5301.47,69957.47,NA,NA,NA,NA,NA,31366,NA,NA,NA,3024439.51
"213",2016,4,545605.47,467472.2,1013077.67,1149175.19,NA,NA,1149175.19,357084.22,954.36,16511.55,37842.69,305191.05,13098.88,80123.73,NA,NA,NA,NA,NA,13357,NA,NA,NA,2986416.34
"223",2016,5,551000.79,468710.38,1019711.17,1019984.4,NA,NA,1019984.4,377629.02,1142.9,19928.34,37138.19,415456.18,8723.98,87793.2,NA,NA,NA,NA,NA,40423,NA,NA,NA,3027930.37
"233",2016,6,537583.25,450758.18,988341.43,888538.1,NA,NA,888538.1,355848.99,952.4,19761.88,39135.65,292566.83,3707.28,74829.65,NA,NA,NA,NA,NA,28875,NA,NA,NA,2692557.21
"243",2016,7,562778.84,465270.48,1028049.32,883716.04,NA,NA,883716.04,350429.77,948.56,18463.79,42271.27,213537.63,2287.93,104878.35,NA,NA,NA,NA,NA,30961.5,NA,NA,NA,2675544.15
"253",2016,8,585748.5,485995.83,1071744.33,866270.02,NA,NA,866270.02,363859.51,1344.69,19426.8,44360.08,126708.78,5385.99,105941.22,NA,NA,NA,NA,NA,35543.6,NA,NA,NA,2640585.02
"263",2016,9,548491.65,456946.75,1005438.4,877800.56,NA,NA,877800.56,356426.23,947.6,18463.5,33788.7,156889.89,7526.62,90718.05,NA,NA,NA,NA,NA,37205.15,NA,NA,NA,2585204.7
"273",2016,10,573754.73,476277.64,1050032.37,916410.7,NA,NA,916410.7,373503.78,1358.21,18939.67,37341.63,208164.88,9087.66,68187.3,NA,NA,NA,NA,NA,48088.25,NA,NA,NA,2731114.44
"283",2016,11,547323.53,463726.21,1011049.74,1019671.97,NA,NA,1019671.97,372904.63,750.9,18143.4,38112.71,224643.28,9638.42,76857.99,NA,NA,NA,NA,NA,37957,NA,NA,NA,2809730.04
"293",2016,12,615251.51,524242.31,1139493.82,1113827.1,NA,NA,1113827.1,372690.46,974.3,23909.55,45344.23,227241.47,10826.71,188037.45,NA,NA,NA,NA,NA,45686,NA,NA,NA,3168031.09
"303",2017,1,546212.16,477291.93,1023504.09,1079339.3,NA,NA,1079339.3,358706.82,1188.53,4453.57,57975.62,268741.13,5564.6,118557.34,NA,NA,NA,NA,NA,27089,51.93,NA,NA,2945171.93
"315",2017,2,526888.94,453665.32,980554.26,1052536.01,NA,NA,1052536.01,357497.97,964.14,248.63,57092.07,200718.22,3689.22,70714.66,NA,NA,NA,NA,NA,33909,49.11,NA,NA,2757973.29
"323",2017,3,592249.34,523943.6,1116192.94,1216423.42,NA,NA,1216423.42,351791.93,1199.4,214.24,59574.15,146747.21,8912.83,102621.01,NA,NA,NA,NA,NA,52165,88.86,NA,NA,3055930.99
"333",2017,4,530345.96,500063.03,1030408.99,1032813.29,NA,NA,1032813.29,360957.7,1023.25,129.95,64589.03,173685.84,6841.66,198383.91,NA,NA,NA,NA,NA,43273,36.8,NA,NA,2912143.42
"343",2017,5,588861.62,516884.37,1105745.99,1034806.24,NA,NA,1034806.24,377492.16,976.19,259.57,59893.27,154619.14,8988.46,212011.7,NA,NA,NA,NA,NA,45402,50.28,NA,NA,3000245
"353",2017,6,549378.05,478491.95,1027870,897511.89,NA,NA,897511.89,378328.46,952.38,116.01,65459.68,140581.12,12939.27,184171.01,NA,NA,NA,NA,NA,41171.92,61.51,NA,NA,2749163.25
"363",2017,7,607702.7,521730.41,1129433.11,938887.64,NA,NA,938887.64,369948.64,NA,423.28,71848.17,119185.53,12151.22,242807.96,NA,NA,NA,NA,NA,45818.75,47.6,NA,NA,2930551.9
"373",2017,8,604650.34,514086.57,1118736.91,950188.14,NA,NA,950188.14,385834.28,1142.85,277.29,71939.54,147847.74,18295.85,247198.62,NA,NA,NA,NA,NA,62667.5,50.77,NA,NA,3004179.49
"383",2017,9,560892.67,492618.55,1053511.22,894363.58,NA,NA,894363.58,447373.59,964.29,332.46,50257.31,146741.02,20824.19,184904.64,NA,NA,NA,NA,NA,60278.5,47.21,NA,NA,2859598.01
"393",2017,10,583658.83,512762.32,1096421.15,935986.17,NA,NA,935986.17,393901.92,952.38,211.74,61015.54,135560.6,25225.22,113926.54,NA,NA,NA,NA,NA,89116.09,NA,NA,NA,2852317.35
"403",2017,11,563345.61,510631.29,1073976.9,1038598.26,NA,NA,1038598.26,409332.86,1340.26,204.43,61290.82,115709.19,38383.06,146069.01,NA,NA,NA,NA,NA,41866.5,73.33,NA,NA,2926844.62
"415",2017,12,635423.76,574097.7,1209521.46,1117711.45,NA,NA,1117711.45,404574.36,1126.19,108.69,68044.92,129000.72,31978.3,177572.34,NA,NA,NA,NA,NA,89124.29,28.88,NA,NA,3228791.6
"423",2018,1,581802.98,528763.3,1110566.28,NA,1105628.89,15763.64,1121392.53,421848.92,1142.24,770.4,68372.98,122349.08,24744.76,173232.25,NA,NA,NA,NA,NA,79652,57.2,NA,NA,3124128.64
"433",2018,2,545210,502041.67,1047251.67,NA,1072071.67,14687.22,1086758.89,379239.07,951.6,404.74,54920.54,78815.78,21717.4,109496.87,NA,NA,NA,NA,NA,73770,87.73,NA,NA,2853414.29
"443",2018,3,618402.18,571052.13,1189454.31,NA,1194136.18,15893.32,1210029.5,415125.9,1007.52,204.26,67891.4,158722.77,22287.44,274273.3,NA,NA,NA,NA,NA,49749,67.08,NA,NA,3388812.48
"453",2018,4,565665.72,526979.67,1092645.39,NA,1108452.97,14929.78,1123382.75,370434.61,1404.69,422.67,65835.66,149741.63,24880.3,273396.67,NA,NA,NA,NA,NA,88761,43.27,NA,NA,3190948.64
"463",2018,5,570129.66,544395.17,1114524.83,NA,1009750.15,7736.86,1017487.01,403094.74,723.79,671.9,61285.5,188452.23,34587.38,175846.1,NA,NA,NA,NA,NA,77485,36.49,NA,NA,3074194.97
"473",2018,6,554431.5,518911.44,1073342.94,NA,930065,7816.91,937881.91,390070.17,561.38,383.47,67706.76,182142.23,40679.67,159409.05,NA,NA,NA,NA,NA,76489,88.11,NA,NA,2928754.69
"483",2018,7,589775.97,541811.12,1131587.09,NA,950343.54,8053.83,958397.37,381128.08,380.95,366.65,67215.08,156567.44,54625.85,102500.59,NA,NA,NA,NA,NA,102153.5,52.01,NA,NA,2954974.6
"493",2018,8,593659.63,570224.11,1163883.74,NA,991818.15,8812.43,1000630.58,407124.75,1000,427.19,72586.2,184168.24,50840.69,204237.65,NA,NA,NA,NA,NA,83143.62,59.71,NA,NA,3168102.35
"503",2018,9,551547.83,531285.29,1082833.12,NA,882303.53,7081.41,889384.94,385717.79,1000,96.65,59624.17,124107.4,45219.25,261284.38,NA,NA,NA,NA,NA,93004,48.54,NA,NA,2942320.24
"515",2018,10,579474.43,573751.47,1153225.9,NA,969095.04,8587.08,977682.12,408674.34,952.38,187.64,66392.11,120634.52,47762.3,307141.02,NA,NA,NA,NA,NA,70523,59.76,NA,NA,3153235.09
"523",2018,11,573687.35,563417.57,1137104.92,NA,1061941.91,7844.21,1069786.12,408049.58,1142.86,271.84,73529.19,100763.5,47250.31,286935.32,NA,NA,NA,NA,NA,81713,68.01,NA,NA,3206614.65
"533",2018,12,654281.25,632670.17,1286951.42,NA,1106130.25,8369.53,1114499.78,421872.09,952.38,272.91,79674.76,109649.86,31557.54,311858.76,NA,NA,NA,NA,NA,94593,57.8,NA,NA,3451940.29
"543",2019,1,601714.9,596682.75,1198397.65,NA,1152949.52,8625.62,1161575.14,421555.41,1000.5,259.2,75489.04,125570.4,29531.29,165807.89,21985.77,595.4,7412.33,286.57,26.66,82300,68.31,NA,475.49,3292337.05
"553",2019,2,565425.02,559109.22,1124534.24,NA,1103358.49,7269.33,1110627.82,402371.33,976.19,NA,63990.69,133930.96,44387.57,152000.02,18854.82,631.57,7078.95,120.08,25.75,98063,89.72,NA,1911.93,3159558.95
"563",2019,3,610720.58,645266.77,1255987.35,NA,1228025.34,8943.32,1236968.66,428149.45,1053.27,104.14,70377.9,164290.04,63919.13,342482.2,19205.26,347.8,7840.52,251.71,NA,127462,64.64,NA,2170.21,3720674.28
"573",2019,4,598956.3,657570.18,1256526.48,NA,1160125.11,7643.39,1167768.5,414018.68,0.01,NA,70541.87,156945.14,43899.02,343735.26,18390.76,552.97,6143.69,15.13,873.32,108573,59.88,NA,1944.32,3589939.9
"583",2019,5,611592.32,666748.63,1278340.95,NA,1134666.18,9781.63,1144447.81,426587.33,1074.42,NA,67768.53,223361.05,66588.87,351666.55,22640.1,322.89,8595,61.08,745.79,121253,63.44,NA,2658.48,3716101.79
"593",2019,6,595744.38,641136.56,1236880.94,NA,1012030.47,8360.35,1020390.82,399031.61,1003.81,86.01,67452.06,125307.02,49691.28,319891.51,20117.45,296.94,7438.84,4.12,919.24,112667,57.93,NA,NA,3361236.58
"603",2019,7,615559.33,650150.78,1265710.11,NA,1030649.68,8936.2,1039585.88,419958.02,1099.07,10.89,76715.52,159021.42,74347.22,198491.88,20426.91,366.54,8447.45,NA,35.42,135670,65.75,NA,3134.83,3403064.45
"613",2019,8,632415.7,668783.39,1301199.09,NA,1070198.1,9041.15,1079239.25,419493.82,1122.94,73.61,66531.06,148998.84,77017.06,170236.68,22578.56,394.36,8685.14,7.26,NA,129913,66.12,NA,952.38,3426509.17
"316",2019,9,587861.84,616079.3,1203941.14,NA,973358.44,8446.19,981804.63,396860.64,935.26,80.43,56736.35,109518.54,62918.62,142986.06,18104.32,306.28,8413.38,13.98,NA,130578,55.4,NA,2215.06,3115468.09
"416",2019,10,643044.33,669008.77,1312053.1,NA,1043629.53,9433.36,1053062.89,433917.15,1193.1,193.58,61731.51,33606.2,69868.8,225348.5,21550.86,391.11,9481.17,21.74,NA,132696,56.76,NA,2499.43,3357671.9
"516",2019,11,620572.21,643070.35,1263642.56,NA,1122734.55,8998.01,1131732.56,430725.89,1125.97,NA,63858.3,126737.63,57250.41,290391.95,18951.08,397,13815.26,30.35,NA,107489,77.26,NA,2479.15,3506811.29
"65",2019,12,682468.14,706020.77,1388488.91,NA,1175724.83,9456.65,1185181.48,428697.64,1043.74,35074.25,39030.48,115170.39,22845.74,294706.32,19079.56,304.36,8004.56,55.04,NA,83915,59.41,NA,2899.75,3624556.63
"74",2020,1,622323.79,640011.73,1262335.52,NA,1184419.19,9523.25,1193942.44,421644.72,1137.95,340.77,67346,132814.31,12977.57,307317.12,23464.38,546.42,9111.42,28.01,NA,64486,84.21,NA,2645.63,3500222.47
"84",2020,2,633100.05,652028,1285128.05,NA,1233250.24,9821.78,1243072.02,426533.15,958.33,479.92,58608.78,145923.81,23258.89,248778.51,19558.69,354.64,9281.12,16.73,NA,104545.19,73.87,NA,2604.12,3569175.82
"94",2020,3,509752.95,573586.73,1083339.68,NA,1100813.77,10445.97,1111259.74,420637.14,946.43,4564.83,37280.42,104824.84,19587.38,306511.61,17452.84,377.36,8888.12,6.83,NA,106949.57,74.1,NA,1267.79,3223968.68
"104",2020,4,391773.23,458420.85,850194.08,NA,867592.28,5620.48,873212.76,345933.61,452.38,145.45,13870.41,51247.2,17494.2,310990.98,13476.06,362.79,6706.35,6.84,NA,53000,30.42,NA,NA,2537123.53
"114",2020,5,407482.52,478771.83,886254.35,NA,828743.95,4099.92,832843.87,362987.37,380.95,758.66,17776.74,139347.72,35550.36,366963.69,13827.56,254.57,7285.7,31.18,NA,81524,55.64,NA,NA,2745842.36
"124",2020,6,388952.81,516933.6,905886.41,NA,782327.99,7406.06,789734.05,402541.02,462.88,171.89,17381.3,114881.57,33842.05,327627.6,17170.47,268.12,7672.9,51.15,NA,70605,60.2,NA,NA,2688356.61
"134",2020,7,462380.81,567052.5,1029433.31,NA,870354.89,5067.16,875422.05,423328.22,571.45,297.79,19154.5,119704.27,43939.07,281593.37,18373.04,547.48,9327.62,25.44,NA,86576,69.68,NA,NA,2908363.29
"144",2020,8,574379.33,647375.58,1221754.91,NA,885200.72,9764.89,894965.61,483695.9,1017.1,346.31,19506.82,129081.54,33601.74,274835.24,21877.37,385.18,7451.79,12.4,NA,94364,80.22,NA,NA,3182976.13
"154",2020,9,610445.1,661665.58,1272110.68,NA,959013.35,9735.38,968748.73,439581.36,948.8,287.45,20238.47,123261.01,26005.63,158485.71,21879.53,509,11629.83,35.69,NA,95762,54.92,NA,356.4,3139895.21
"164",2020,10,648582.82,680362.07,1328944.89,NA,1064005.3,16475.25,1080480.55,459312.45,1142.86,266.74,29115.9,117108.19,37876.73,254131.92,22655.15,468.37,12831.92,29.42,NA,128310,68.1,NA,NA,3472743.19
"174",2020,11,639856.62,652630.16,1292486.78,NA,1072873.46,10704.69,1083578.15,421504.59,1142.86,231.18,33878.65,111855.8,28761.42,209982.62,21903.24,407.14,10883.8,66.48,NA,91526,70.08,NA,933.81,3309212.6
"184",2020,12,760695.45,768193.03,1528888.48,NA,1276290.85,12819.54,1289110.39,481068.86,1312.55,NA,38849.97,162734.65,27190.81,243519.81,21166.56,547.1,13060.54,52.58,NA,118168,73.41,NA,1116.47,3922256.69
"194",2021,1,655503.47,685942.85,1341446.32,NA,1220513.47,12064.41,1232577.88,472353.44,940.9,5222.38,37507.18,109730.56,26925.55,128264.67,28854.2,452.17,13958.41,88.32,NA,108756,NA,NA,285.71,3507363.69
"204",2021,2,621730.81,669313.36,1291044.17,NA,1272593.63,10943.51,1283537.14,440394.46,1010.16,NA,37044.54,141473.02,21953.78,286352.94,20240.35,709.18,9576.59,42.85,NA,110937,NA,NA,NA,3644007.36
"214",2021,3,692228.61,679366.06,1371594.67,NA,1417534.72,10508.49,1428043.21,509273.77,1291.15,115.36,36954.44,155028.06,29164.03,187420.65,27772.01,417.13,11000.25,95.13,NA,104570,NA,NA,NA,3862739.86
"224",2021,4,610290.32,688389.15,1298679.47,NA,1268514.31,9876.2,1278390.51,458849.58,1029.93,71.76,50964.69,124348.46,39782.05,222753.58,25691.62,441.8,12753.37,31.83,NA,108795,NA,NA,83,3622666.65
"234",2021,5,643104.75,707336.5,1350441.25,NA,1188244.26,12741.15,1200985.41,686529.65,935.05,11.74,52492.11,124076.33,49044.75,208306.63,23819.66,236.38,10306.62,0.77,160,122958,NA,NA,516.7,3830821.05
